index	table_file	table_snes	offset	target_snes	target_file	head	kind	nested_offset	nested_snes	nested_file
0	$03C28F	$87C28F	$557E	$B6D57E	$1B557E	02 B5 00 00 03 78 19 04 FF B2 01 22 B2 01 1C B2	special:0xB5	$0000	$B68000	$1B0000
0	$03C28F	$87C28F	$557E	$B6D57E	$1B557E	02 B5 00 00 03 78 19 04 FF B2 01 22 B2 01 1C B2	copy:0xFF	$01B2	$B681B2	$1B01B2
0	$03C28F	$87C28F	$557E	$B6D57E	$1B557E	02 B5 00 00 03 78 19 04 FF B2 01 22 B2 01 1C B2	copy:0xF1	$5337	$B6D337	$1B5337
0	$03C28F	$87C28F	$557E	$B6D57E	$1B557E	02 B5 00 00 03 78 19 04 FF B2 01 22 B2 01 1C B2	copy:0xF0	$2399	$B6A399	$1B2399
0	$03C28F	$87C28F	$557E	$B6D57E	$1B557E	02 B5 00 00 03 78 19 04 FF B2 01 22 B2 01 1C B2	special:0xB5	$0000	$B68000	$1B0000
0	$03C28F	$87C28F	$557E	$B6D57E	$1B557E	02 B5 00 00 03 78 19 04 FF B2 01 22 B2 01 1C B2	copy:0xFF	$01B2	$B681B2	$1B01B2
0	$03C28F	$87C28F	$557E	$B6D57E	$1B557E	02 B5 00 00 03 78 19 04 FF B2 01 22 B2 01 1C B2	copy:0xF2	$1B0D	$B69B0D	$1B1B0D
0	$03C28F	$87C28F	$557E	$B6D57E	$1B557E	02 B5 00 00 03 78 19 04 FF B2 01 22 B2 01 1C B2	copy:0xF0	$1355	$B69355	$1B1355
0	$03C28F	$87C28F	$557E	$B6D57E	$1B557E	02 B5 00 00 03 78 19 04 FF B2 01 22 B2 01 1C B2	special:0xB5	$0000	$B68000	$1B0000
0	$03C28F	$87C28F	$557E	$B6D57E	$1B557E	02 B5 00 00 03 78 19 04 FF B2 01 22 B2 01 1C B2	copy:0xFF	$01B2	$B681B2	$1B01B2
0	$03C28F	$87C28F	$557E	$B6D57E	$1B557E	02 B5 00 00 03 78 19 04 FF B2 01 22 B2 01 1C B2	special:0xB5	$0000	$B68000	$1B0000
0	$03C28F	$87C28F	$557E	$B6D57E	$1B557E	02 B5 00 00 03 78 19 04 FF B2 01 22 B2 01 1C B2	copy:0xFF	$01B2	$B681B2	$1B01B2
0	$03C28F	$87C28F	$557E	$B6D57E	$1B557E	02 B5 00 00 03 78 19 04 FF B2 01 22 B2 01 1C B2	copy:0xF0	$2A3D	$B6AA3D	$1B2A3D
0	$03C28F	$87C28F	$557E	$B6D57E	$1B557E	02 B5 00 00 03 78 19 04 FF B2 01 22 B2 01 1C B2	copy:0xF0	$1356	$B69356	$1B1356
0	$03C28F	$87C28F	$557E	$B6D57E	$1B557E	02 B5 00 00 03 78 19 04 FF B2 01 22 B2 01 1C B2	copy:0xF0	$211C	$B6A11C	$1B211C
0	$03C28F	$87C28F	$557E	$B6D57E	$1B557E	02 B5 00 00 03 78 19 04 FF B2 01 22 B2 01 1C B2	special:0xB5	$0000	$B68000	$1B0000
0	$03C28F	$87C28F	$557E	$B6D57E	$1B557E	02 B5 00 00 03 78 19 04 FF B2 01 22 B2 01 1C B2	copy:0xFF	$01B2	$B681B2	$1B01B2
0	$03C28F	$87C28F	$557E	$B6D57E	$1B557E	02 B5 00 00 03 78 19 04 FF B2 01 22 B2 01 1C B2	copy:0xF0	$2A3D	$B6AA3D	$1B2A3D
0	$03C28F	$87C28F	$557E	$B6D57E	$1B557E	02 B5 00 00 03 78 19 04 FF B2 01 22 B2 01 1C B2	copy:0xF0	$26CE	$B6A6CE	$1B26CE
0	$03C28F	$87C28F	$557E	$B6D57E	$1B557E	02 B5 00 00 03 78 19 04 FF B2 01 22 B2 01 1C B2	copy:0xF2	$1B0D	$B69B0D	$1B1B0D
0	$03C28F	$87C28F	$557E	$B6D57E	$1B557E	02 B5 00 00 03 78 19 04 FF B2 01 22 B2 01 1C B2	copy:0xF1	$5048	$B6D048	$1B5048
0	$03C28F	$87C28F	$557E	$B6D57E	$1B557E	02 B5 00 00 03 78 19 04 FF B2 01 22 B2 01 1C B2	copy:0xF0	$4268	$B6C268	$1B4268
1	$03C291	$87C291	$55A2	$B6D5A2	$1B55A2	02 B5 00 00 03 78 19 04 FF B2 01 22 B2 01 1C B2	special:0xB5	$0000	$B68000	$1B0000
1	$03C291	$87C291	$55A2	$B6D5A2	$1B55A2	02 B5 00 00 03 78 19 04 FF B2 01 22 B2 01 1C B2	copy:0xFF	$01B2	$B681B2	$1B01B2
1	$03C291	$87C291	$55A2	$B6D5A2	$1B55A2	02 B5 00 00 03 78 19 04 FF B2 01 22 B2 01 1C B2	copy:0xF2	$1B0D	$B69B0D	$1B1B0D
1	$03C291	$87C291	$55A2	$B6D5A2	$1B55A2	02 B5 00 00 03 78 19 04 FF B2 01 22 B2 01 1C B2	copy:0xF0	$1355	$B69355	$1B1355
1	$03C291	$87C291	$55A2	$B6D5A2	$1B55A2	02 B5 00 00 03 78 19 04 FF B2 01 22 B2 01 1C B2	special:0xB5	$0000	$B68000	$1B0000
1	$03C291	$87C291	$55A2	$B6D5A2	$1B55A2	02 B5 00 00 03 78 19 04 FF B2 01 22 B2 01 1C B2	copy:0xFF	$01B2	$B681B2	$1B01B2
1	$03C291	$87C291	$55A2	$B6D5A2	$1B55A2	02 B5 00 00 03 78 19 04 FF B2 01 22 B2 01 1C B2	special:0xB5	$0000	$B68000	$1B0000
1	$03C291	$87C291	$55A2	$B6D5A2	$1B55A2	02 B5 00 00 03 78 19 04 FF B2 01 22 B2 01 1C B2	copy:0xFF	$01B2	$B681B2	$1B01B2
1	$03C291	$87C291	$55A2	$B6D5A2	$1B55A2	02 B5 00 00 03 78 19 04 FF B2 01 22 B2 01 1C B2	copy:0xF0	$2A3D	$B6AA3D	$1B2A3D
1	$03C291	$87C291	$55A2	$B6D5A2	$1B55A2	02 B5 00 00 03 78 19 04 FF B2 01 22 B2 01 1C B2	copy:0xF0	$1356	$B69356	$1B1356
1	$03C291	$87C291	$55A2	$B6D5A2	$1B55A2	02 B5 00 00 03 78 19 04 FF B2 01 22 B2 01 1C B2	copy:0xF0	$211C	$B6A11C	$1B211C
1	$03C291	$87C291	$55A2	$B6D5A2	$1B55A2	02 B5 00 00 03 78 19 04 FF B2 01 22 B2 01 1C B2	special:0xB5	$0000	$B68000	$1B0000
1	$03C291	$87C291	$55A2	$B6D5A2	$1B55A2	02 B5 00 00 03 78 19 04 FF B2 01 22 B2 01 1C B2	copy:0xFF	$01B2	$B681B2	$1B01B2
1	$03C291	$87C291	$55A2	$B6D5A2	$1B55A2	02 B5 00 00 03 78 19 04 FF B2 01 22 B2 01 1C B2	copy:0xF0	$2A3D	$B6AA3D	$1B2A3D
1	$03C291	$87C291	$55A2	$B6D5A2	$1B55A2	02 B5 00 00 03 78 19 04 FF B2 01 22 B2 01 1C B2	copy:0xF0	$26CE	$B6A6CE	$1B26CE
1	$03C291	$87C291	$55A2	$B6D5A2	$1B55A2	02 B5 00 00 03 78 19 04 FF B2 01 22 B2 01 1C B2	copy:0xF2	$1B0D	$B69B0D	$1B1B0D
1	$03C291	$87C291	$55A2	$B6D5A2	$1B55A2	02 B5 00 00 03 78 19 04 FF B2 01 22 B2 01 1C B2	copy:0xF1	$5048	$B6D048	$1B5048
1	$03C291	$87C291	$55A2	$B6D5A2	$1B55A2	02 B5 00 00 03 78 19 04 FF B2 01 22 B2 01 1C B2	copy:0xF0	$4268	$B6C268	$1B4268
1	$03C291	$87C291	$55A2	$B6D5A2	$1B55A2	02 B5 00 00 03 78 19 04 FF B2 01 22 B2 01 1C B2	copy:0xF0	$13D5	$B693D5	$1B13D5
1	$03C291	$87C291	$55A2	$B6D5A2	$1B55A2	02 B5 00 00 03 78 19 04 FF B2 01 22 B2 01 1C B2	copy:0xF0	$27A2	$B6A7A2	$1B27A2
1	$03C291	$87C291	$55A2	$B6D5A2	$1B55A2	02 B5 00 00 03 78 19 04 FF B2 01 22 B2 01 1C B2	copy:0xF0	$21A9	$B6A1A9	$1B21A9
2	$03C293	$87C293	$55C5	$B6D5C5	$1B55C5	02 B5 00 00 03 78 19 04 FF B2 01 22 B2 01 1C B2	special:0xB5	$0000	$B68000	$1B0000
2	$03C293	$87C293	$55C5	$B6D5C5	$1B55C5	02 B5 00 00 03 78 19 04 FF B2 01 22 B2 01 1C B2	copy:0xFF	$01B2	$B681B2	$1B01B2
2	$03C293	$87C293	$55C5	$B6D5C5	$1B55C5	02 B5 00 00 03 78 19 04 FF B2 01 22 B2 01 1C B2	special:0xB5	$0000	$B68000	$1B0000
2	$03C293	$87C293	$55C5	$B6D5C5	$1B55C5	02 B5 00 00 03 78 19 04 FF B2 01 22 B2 01 1C B2	copy:0xFF	$01B2	$B681B2	$1B01B2
2	$03C293	$87C293	$55C5	$B6D5C5	$1B55C5	02 B5 00 00 03 78 19 04 FF B2 01 22 B2 01 1C B2	copy:0xF0	$2A3D	$B6AA3D	$1B2A3D
2	$03C293	$87C293	$55C5	$B6D5C5	$1B55C5	02 B5 00 00 03 78 19 04 FF B2 01 22 B2 01 1C B2	copy:0xF0	$1356	$B69356	$1B1356
2	$03C293	$87C293	$55C5	$B6D5C5	$1B55C5	02 B5 00 00 03 78 19 04 FF B2 01 22 B2 01 1C B2	copy:0xF0	$211C	$B6A11C	$1B211C
2	$03C293	$87C293	$55C5	$B6D5C5	$1B55C5	02 B5 00 00 03 78 19 04 FF B2 01 22 B2 01 1C B2	special:0xB5	$0000	$B68000	$1B0000
2	$03C293	$87C293	$55C5	$B6D5C5	$1B55C5	02 B5 00 00 03 78 19 04 FF B2 01 22 B2 01 1C B2	copy:0xFF	$01B2	$B681B2	$1B01B2
2	$03C293	$87C293	$55C5	$B6D5C5	$1B55C5	02 B5 00 00 03 78 19 04 FF B2 01 22 B2 01 1C B2	copy:0xF0	$2A3D	$B6AA3D	$1B2A3D
2	$03C293	$87C293	$55C5	$B6D5C5	$1B55C5	02 B5 00 00 03 78 19 04 FF B2 01 22 B2 01 1C B2	copy:0xF0	$26CE	$B6A6CE	$1B26CE
2	$03C293	$87C293	$55C5	$B6D5C5	$1B55C5	02 B5 00 00 03 78 19 04 FF B2 01 22 B2 01 1C B2	copy:0xF2	$1B0D	$B69B0D	$1B1B0D
2	$03C293	$87C293	$55C5	$B6D5C5	$1B55C5	02 B5 00 00 03 78 19 04 FF B2 01 22 B2 01 1C B2	copy:0xF1	$5048	$B6D048	$1B5048
2	$03C293	$87C293	$55C5	$B6D5C5	$1B55C5	02 B5 00 00 03 78 19 04 FF B2 01 22 B2 01 1C B2	copy:0xF0	$4268	$B6C268	$1B4268
2	$03C293	$87C293	$55C5	$B6D5C5	$1B55C5	02 B5 00 00 03 78 19 04 FF B2 01 22 B2 01 1C B2	copy:0xF0	$13D5	$B693D5	$1B13D5
2	$03C293	$87C293	$55C5	$B6D5C5	$1B55C5	02 B5 00 00 03 78 19 04 FF B2 01 22 B2 01 1C B2	copy:0xF0	$27A2	$B6A7A2	$1B27A2
2	$03C293	$87C293	$55C5	$B6D5C5	$1B55C5	02 B5 00 00 03 78 19 04 FF B2 01 22 B2 01 1C B2	copy:0xF0	$21A9	$B6A1A9	$1B21A9
3	$03C295	$87C295	$55EB	$B6D5EB	$1B55EB	02 B5 00 00 03 78 19 04 FF B2 01 22 B2 01 1C B2	special:0xB5	$0000	$B68000	$1B0000
3	$03C295	$87C295	$55EB	$B6D5EB	$1B55EB	02 B5 00 00 03 78 19 04 FF B2 01 22 B2 01 1C B2	copy:0xFF	$01B2	$B681B2	$1B01B2
3	$03C295	$87C295	$55EB	$B6D5EB	$1B55EB	02 B5 00 00 03 78 19 04 FF B2 01 22 B2 01 1C B2	copy:0xF0	$2A3D	$B6AA3D	$1B2A3D
3	$03C295	$87C295	$55EB	$B6D5EB	$1B55EB	02 B5 00 00 03 78 19 04 FF B2 01 22 B2 01 1C B2	copy:0xF0	$1356	$B69356	$1B1356
3	$03C295	$87C295	$55EB	$B6D5EB	$1B55EB	02 B5 00 00 03 78 19 04 FF B2 01 22 B2 01 1C B2	copy:0xF0	$211C	$B6A11C	$1B211C
3	$03C295	$87C295	$55EB	$B6D5EB	$1B55EB	02 B5 00 00 03 78 19 04 FF B2 01 22 B2 01 1C B2	special:0xB5	$0000	$B68000	$1B0000
3	$03C295	$87C295	$55EB	$B6D5EB	$1B55EB	02 B5 00 00 03 78 19 04 FF B2 01 22 B2 01 1C B2	copy:0xFF	$01B2	$B681B2	$1B01B2
3	$03C295	$87C295	$55EB	$B6D5EB	$1B55EB	02 B5 00 00 03 78 19 04 FF B2 01 22 B2 01 1C B2	copy:0xF0	$2A3D	$B6AA3D	$1B2A3D
3	$03C295	$87C295	$55EB	$B6D5EB	$1B55EB	02 B5 00 00 03 78 19 04 FF B2 01 22 B2 01 1C B2	copy:0xF0	$26CE	$B6A6CE	$1B26CE
3	$03C295	$87C295	$55EB	$B6D5EB	$1B55EB	02 B5 00 00 03 78 19 04 FF B2 01 22 B2 01 1C B2	copy:0xF2	$1B0D	$B69B0D	$1B1B0D
3	$03C295	$87C295	$55EB	$B6D5EB	$1B55EB	02 B5 00 00 03 78 19 04 FF B2 01 22 B2 01 1C B2	copy:0xF1	$5048	$B6D048	$1B5048
3	$03C295	$87C295	$55EB	$B6D5EB	$1B55EB	02 B5 00 00 03 78 19 04 FF B2 01 22 B2 01 1C B2	copy:0xF0	$4268	$B6C268	$1B4268
3	$03C295	$87C295	$55EB	$B6D5EB	$1B55EB	02 B5 00 00 03 78 19 04 FF B2 01 22 B2 01 1C B2	copy:0xF0	$13D5	$B693D5	$1B13D5
3	$03C295	$87C295	$55EB	$B6D5EB	$1B55EB	02 B5 00 00 03 78 19 04 FF B2 01 22 B2 01 1C B2	copy:0xF0	$27A2	$B6A7A2	$1B27A2
3	$03C295	$87C295	$55EB	$B6D5EB	$1B55EB	02 B5 00 00 03 78 19 04 FF B2 01 22 B2 01 1C B2	copy:0xF0	$21A9	$B6A1A9	$1B21A9
4	$03C297	$87C297	$5628	$B6D628	$1B5628	02 B5 00 00 03 78 19 04 FF B2 01 22 B2 01 1C B2	special:0xB5	$0000	$B68000	$1B0000
4	$03C297	$87C297	$5628	$B6D628	$1B5628	02 B5 00 00 03 78 19 04 FF B2 01 22 B2 01 1C B2	copy:0xFF	$01B2	$B681B2	$1B01B2
4	$03C297	$87C297	$5628	$B6D628	$1B5628	02 B5 00 00 03 78 19 04 FF B2 01 22 B2 01 1C B2	copy:0xF0	$2A3D	$B6AA3D	$1B2A3D
4	$03C297	$87C297	$5628	$B6D628	$1B5628	02 B5 00 00 03 78 19 04 FF B2 01 22 B2 01 1C B2	copy:0xF0	$26CE	$B6A6CE	$1B26CE
4	$03C297	$87C297	$5628	$B6D628	$1B5628	02 B5 00 00 03 78 19 04 FF B2 01 22 B2 01 1C B2	copy:0xF2	$1B0D	$B69B0D	$1B1B0D
4	$03C297	$87C297	$5628	$B6D628	$1B5628	02 B5 00 00 03 78 19 04 FF B2 01 22 B2 01 1C B2	copy:0xF1	$5048	$B6D048	$1B5048
4	$03C297	$87C297	$5628	$B6D628	$1B5628	02 B5 00 00 03 78 19 04 FF B2 01 22 B2 01 1C B2	copy:0xF0	$4268	$B6C268	$1B4268
4	$03C297	$87C297	$5628	$B6D628	$1B5628	02 B5 00 00 03 78 19 04 FF B2 01 22 B2 01 1C B2	copy:0xF0	$13D5	$B693D5	$1B13D5
4	$03C297	$87C297	$5628	$B6D628	$1B5628	02 B5 00 00 03 78 19 04 FF B2 01 22 B2 01 1C B2	copy:0xF0	$27A2	$B6A7A2	$1B27A2
4	$03C297	$87C297	$5628	$B6D628	$1B5628	02 B5 00 00 03 78 19 04 FF B2 01 22 B2 01 1C B2	copy:0xF0	$21A9	$B6A1A9	$1B21A9
4	$03C297	$87C297	$5628	$B6D628	$1B5628	02 B5 00 00 03 78 19 04 FF B2 01 22 B2 01 1C B2	special:0xB5	$0000	$B68000	$1B0000
4	$03C297	$87C297	$5628	$B6D628	$1B5628	02 B5 00 00 03 78 19 04 FF B2 01 22 B2 01 1C B2	copy:0xFF	$01B2	$B681B2	$1B01B2
4	$03C297	$87C297	$5628	$B6D628	$1B5628	02 B5 00 00 03 78 19 04 FF B2 01 22 B2 01 1C B2	special:0xB5	$0000	$B68000	$1B0000
4	$03C297	$87C297	$5628	$B6D628	$1B5628	02 B5 00 00 03 78 19 04 FF B2 01 22 B2 01 1C B2	copy:0xFF	$01B2	$B681B2	$1B01B2
4	$03C297	$87C297	$5628	$B6D628	$1B5628	02 B5 00 00 03 78 19 04 FF B2 01 22 B2 01 1C B2	copy:0xF1	$8011	$BD8011	$1E0011
5	$03C299	$87C299	$56F1	$B6D6F1	$1B56F1	02 B5 00 00 03 78 19 04 FF B2 01 22 B2 01 14 B2	special:0xB5	$0000	$B68000	$1B0000
5	$03C299	$87C299	$56F1	$B6D6F1	$1B56F1	02 B5 00 00 03 78 19 04 FF B2 01 22 B2 01 14 B2	copy:0xFF	$01B2	$B681B2	$1B01B2
5	$03C299	$87C299	$56F1	$B6D6F1	$1B56F1	02 B5 00 00 03 78 19 04 FF B2 01 22 B2 01 14 B2	special:0xB5	$0000	$B68000	$1B0000
5	$03C299	$87C299	$56F1	$B6D6F1	$1B56F1	02 B5 00 00 03 78 19 04 FF B2 01 22 B2 01 14 B2	copy:0xFF	$01B2	$B681B2	$1B01B2
5	$03C299	$87C299	$56F1	$B6D6F1	$1B56F1	02 B5 00 00 03 78 19 04 FF B2 01 22 B2 01 14 B2	copy:0xF1	$8011	$BD8011	$1E0011
5	$03C299	$87C299	$56F1	$B6D6F1	$1B56F1	02 B5 00 00 03 78 19 04 FF B2 01 22 B2 01 14 B2	copy:0xF0	$144D	$B6944D	$1B144D
5	$03C299	$87C299	$56F1	$B6D6F1	$1B56F1	02 B5 00 00 03 78 19 04 FF B2 01 22 B2 01 14 B2	copy:0xF0	$2918	$B6A918	$1B2918
5	$03C299	$87C299	$56F1	$B6D6F1	$1B56F1	02 B5 00 00 03 78 19 04 FF B2 01 22 B2 01 14 B2	copy:0xF1	$8018	$BD8018	$1E0018
5	$03C299	$87C299	$56F1	$B6D6F1	$1B56F1	02 B5 00 00 03 78 19 04 FF B2 01 22 B2 01 14 B2	copy:0xF0	$2271	$B6A271	$1B2271
5	$03C299	$87C299	$56F1	$B6D6F1	$1B56F1	02 B5 00 00 03 78 19 04 FF B2 01 22 B2 01 14 B2	copy:0xF0	$270E	$B6A70E	$1B270E
5	$03C299	$87C299	$56F1	$B6D6F1	$1B56F1	02 B5 00 00 03 78 19 04 FF B2 01 22 B2 01 14 B2	copy:0xF0	$2941	$B6A941	$1B2941
5	$03C299	$87C299	$56F1	$B6D6F1	$1B56F1	02 B5 00 00 03 78 19 04 FF B2 01 22 B2 01 14 B2	special:0xB5	$0000	$B68000	$1B0000
5	$03C299	$87C299	$56F1	$B6D6F1	$1B56F1	02 B5 00 00 03 78 19 04 FF B2 01 22 B2 01 14 B2	copy:0xFF	$01B2	$B681B2	$1B01B2
5	$03C299	$87C299	$56F1	$B6D6F1	$1B56F1	02 B5 00 00 03 78 19 04 FF B2 01 22 B2 01 14 B2	copy:0xF0	$5446	$B6D446	$1B5446
5	$03C299	$87C299	$56F1	$B6D6F1	$1B56F1	02 B5 00 00 03 78 19 04 FF B2 01 22 B2 01 14 B2	copy:0xF0	$1357	$B69357	$1B1357
5	$03C299	$87C299	$56F1	$B6D6F1	$1B56F1	02 B5 00 00 03 78 19 04 FF B2 01 22 B2 01 14 B2	copy:0xF0	$1356	$B69356	$1B1356
5	$03C299	$87C299	$56F1	$B6D6F1	$1B56F1	02 B5 00 00 03 78 19 04 FF B2 01 22 B2 01 14 B2	special:0xB5	$0000	$B68000	$1B0000
5	$03C299	$87C299	$56F1	$B6D6F1	$1B56F1	02 B5 00 00 03 78 19 04 FF B2 01 22 B2 01 14 B2	copy:0xFF	$01B2	$B681B2	$1B01B2
6	$03C29B	$87C29B	$570F	$B6D70F	$1B570F	02 B5 00 00 03 78 19 04 FF B2 01 22 B2 01 1C B2	special:0xB5	$0000	$B68000	$1B0000
6	$03C29B	$87C29B	$570F	$B6D70F	$1B570F	02 B5 00 00 03 78 19 04 FF B2 01 22 B2 01 1C B2	copy:0xFF	$01B2	$B681B2	$1B01B2
6	$03C29B	$87C29B	$570F	$B6D70F	$1B570F	02 B5 00 00 03 78 19 04 FF B2 01 22 B2 01 1C B2	copy:0xF1	$8011	$BD8011	$1E0011
6	$03C29B	$87C29B	$570F	$B6D70F	$1B570F	02 B5 00 00 03 78 19 04 FF B2 01 22 B2 01 1C B2	copy:0xF0	$144D	$B6944D	$1B144D
6	$03C29B	$87C29B	$570F	$B6D70F	$1B570F	02 B5 00 00 03 78 19 04 FF B2 01 22 B2 01 1C B2	copy:0xF0	$2918	$B6A918	$1B2918
6	$03C29B	$87C29B	$570F	$B6D70F	$1B570F	02 B5 00 00 03 78 19 04 FF B2 01 22 B2 01 1C B2	copy:0xF1	$8018	$BD8018	$1E0018
6	$03C29B	$87C29B	$570F	$B6D70F	$1B570F	02 B5 00 00 03 78 19 04 FF B2 01 22 B2 01 1C B2	copy:0xF0	$2271	$B6A271	$1B2271
6	$03C29B	$87C29B	$570F	$B6D70F	$1B570F	02 B5 00 00 03 78 19 04 FF B2 01 22 B2 01 1C B2	copy:0xF0	$270E	$B6A70E	$1B270E
6	$03C29B	$87C29B	$570F	$B6D70F	$1B570F	02 B5 00 00 03 78 19 04 FF B2 01 22 B2 01 1C B2	copy:0xF0	$2941	$B6A941	$1B2941
6	$03C29B	$87C29B	$570F	$B6D70F	$1B570F	02 B5 00 00 03 78 19 04 FF B2 01 22 B2 01 1C B2	special:0xB5	$0000	$B68000	$1B0000
6	$03C29B	$87C29B	$570F	$B6D70F	$1B570F	02 B5 00 00 03 78 19 04 FF B2 01 22 B2 01 1C B2	copy:0xFF	$01B2	$B681B2	$1B01B2
6	$03C29B	$87C29B	$570F	$B6D70F	$1B570F	02 B5 00 00 03 78 19 04 FF B2 01 22 B2 01 1C B2	copy:0xF0	$5446	$B6D446	$1B5446
6	$03C29B	$87C29B	$570F	$B6D70F	$1B570F	02 B5 00 00 03 78 19 04 FF B2 01 22 B2 01 1C B2	copy:0xF0	$1357	$B69357	$1B1357
6	$03C29B	$87C29B	$570F	$B6D70F	$1B570F	02 B5 00 00 03 78 19 04 FF B2 01 22 B2 01 1C B2	copy:0xF0	$1356	$B69356	$1B1356
6	$03C29B	$87C29B	$570F	$B6D70F	$1B570F	02 B5 00 00 03 78 19 04 FF B2 01 22 B2 01 1C B2	special:0xB5	$0000	$B68000	$1B0000
6	$03C29B	$87C29B	$570F	$B6D70F	$1B570F	02 B5 00 00 03 78 19 04 FF B2 01 22 B2 01 1C B2	copy:0xFF	$01B2	$B681B2	$1B01B2
6	$03C29B	$87C29B	$570F	$B6D70F	$1B570F	02 B5 00 00 03 78 19 04 FF B2 01 22 B2 01 1C B2	copy:0xF1	$8011	$BD8011	$1E0011
6	$03C29B	$87C29B	$570F	$B6D70F	$1B570F	02 B5 00 00 03 78 19 04 FF B2 01 22 B2 01 1C B2	copy:0xF0	$8018	$BD8018	$1E0018
7	$03C29D	$87C29D	$579A	$B6D79A	$1B579A	02 B5 00 00 03 78 19 04 FF B2 01 22 B2 01 1C B2	special:0xB5	$0000	$B68000	$1B0000
7	$03C29D	$87C29D	$579A	$B6D79A	$1B579A	02 B5 00 00 03 78 19 04 FF B2 01 22 B2 01 1C B2	copy:0xFF	$01B2	$B681B2	$1B01B2
7	$03C29D	$87C29D	$579A	$B6D79A	$1B579A	02 B5 00 00 03 78 19 04 FF B2 01 22 B2 01 1C B2	copy:0xF0	$5446	$B6D446	$1B5446
7	$03C29D	$87C29D	$579A	$B6D79A	$1B579A	02 B5 00 00 03 78 19 04 FF B2 01 22 B2 01 1C B2	copy:0xF0	$1357	$B69357	$1B1357
7	$03C29D	$87C29D	$579A	$B6D79A	$1B579A	02 B5 00 00 03 78 19 04 FF B2 01 22 B2 01 1C B2	copy:0xF0	$1356	$B69356	$1B1356
7	$03C29D	$87C29D	$579A	$B6D79A	$1B579A	02 B5 00 00 03 78 19 04 FF B2 01 22 B2 01 1C B2	special:0xB5	$0000	$B68000	$1B0000
7	$03C29D	$87C29D	$579A	$B6D79A	$1B579A	02 B5 00 00 03 78 19 04 FF B2 01 22 B2 01 1C B2	copy:0xFF	$01B2	$B681B2	$1B01B2
7	$03C29D	$87C29D	$579A	$B6D79A	$1B579A	02 B5 00 00 03 78 19 04 FF B2 01 22 B2 01 1C B2	copy:0xF1	$8011	$BD8011	$1E0011
7	$03C29D	$87C29D	$579A	$B6D79A	$1B579A	02 B5 00 00 03 78 19 04 FF B2 01 22 B2 01 1C B2	copy:0xF0	$8018	$BD8018	$1E0018
7	$03C29D	$87C29D	$579A	$B6D79A	$1B579A	02 B5 00 00 03 78 19 04 FF B2 01 22 B2 01 1C B2	special:0xB5	$0000	$B68000	$1B0000
7	$03C29D	$87C29D	$579A	$B6D79A	$1B579A	02 B5 00 00 03 78 19 04 FF B2 01 22 B2 01 1C B2	copy:0xFF	$01B2	$B681B2	$1B01B2
7	$03C29D	$87C29D	$579A	$B6D79A	$1B579A	02 B5 00 00 03 78 19 04 FF B2 01 22 B2 01 1C B2	copy:0xF1	$8018	$BD8018	$1E0018
7	$03C29D	$87C29D	$579A	$B6D79A	$1B579A	02 B5 00 00 03 78 19 04 FF B2 01 22 B2 01 1C B2	copy:0xF0	$5092	$B6D092	$1B5092
7	$03C29D	$87C29D	$579A	$B6D79A	$1B579A	02 B5 00 00 03 78 19 04 FF B2 01 22 B2 01 1C B2	copy:0xF0	$4DC6	$B6CDC6	$1B4DC6
7	$03C29D	$87C29D	$579A	$B6D79A	$1B579A	02 B5 00 00 03 78 19 04 FF B2 01 22 B2 01 1C B2	copy:0xF0	$3E32	$B6BE32	$1B3E32
7	$03C29D	$87C29D	$579A	$B6D79A	$1B579A	02 B5 00 00 03 78 19 04 FF B2 01 22 B2 01 1C B2	copy:0xF1	$3F21	$B6BF21	$1B3F21
7	$03C29D	$87C29D	$579A	$B6D79A	$1B579A	02 B5 00 00 03 78 19 04 FF B2 01 22 B2 01 1C B2	special:0xB5	$0000	$B68000	$1B0000
7	$03C29D	$87C29D	$579A	$B6D79A	$1B579A	02 B5 00 00 03 78 19 04 FF B2 01 22 B2 01 1C B2	copy:0xFF	$01B2	$B681B2	$1B01B2
7	$03C29D	$87C29D	$579A	$B6D79A	$1B579A	02 B5 00 00 03 78 19 04 FF B2 01 22 B2 01 1C B2	copy:0xF0	$1F89	$B69F89	$1B1F89
7	$03C29D	$87C29D	$579A	$B6D79A	$1B579A	02 B5 00 00 03 78 19 04 FF B2 01 22 B2 01 1C B2	copy:0xF0	$1F89	$B69F89	$1B1F89
8	$03C29F	$87C29F	$57E0	$B6D7E0	$1B57E0	02 B5 00 00 03 78 19 04 FF B2 01 22 B2 01 1C B2	special:0xB5	$0000	$B68000	$1B0000
8	$03C29F	$87C29F	$57E0	$B6D7E0	$1B57E0	02 B5 00 00 03 78 19 04 FF B2 01 22 B2 01 1C B2	copy:0xFF	$01B2	$B681B2	$1B01B2
8	$03C29F	$87C29F	$57E0	$B6D7E0	$1B57E0	02 B5 00 00 03 78 19 04 FF B2 01 22 B2 01 1C B2	copy:0xF1	$8011	$BD8011	$1E0011
8	$03C29F	$87C29F	$57E0	$B6D7E0	$1B57E0	02 B5 00 00 03 78 19 04 FF B2 01 22 B2 01 1C B2	copy:0xF0	$8018	$BD8018	$1E0018
8	$03C29F	$87C29F	$57E0	$B6D7E0	$1B57E0	02 B5 00 00 03 78 19 04 FF B2 01 22 B2 01 1C B2	special:0xB5	$0000	$B68000	$1B0000
8	$03C29F	$87C29F	$57E0	$B6D7E0	$1B57E0	02 B5 00 00 03 78 19 04 FF B2 01 22 B2 01 1C B2	copy:0xFF	$01B2	$B681B2	$1B01B2
8	$03C29F	$87C29F	$57E0	$B6D7E0	$1B57E0	02 B5 00 00 03 78 19 04 FF B2 01 22 B2 01 1C B2	copy:0xF1	$8018	$BD8018	$1E0018
8	$03C29F	$87C29F	$57E0	$B6D7E0	$1B57E0	02 B5 00 00 03 78 19 04 FF B2 01 22 B2 01 1C B2	copy:0xF0	$5092	$B6D092	$1B5092
8	$03C29F	$87C29F	$57E0	$B6D7E0	$1B57E0	02 B5 00 00 03 78 19 04 FF B2 01 22 B2 01 1C B2	copy:0xF0	$4DC6	$B6CDC6	$1B4DC6
8	$03C29F	$87C29F	$57E0	$B6D7E0	$1B57E0	02 B5 00 00 03 78 19 04 FF B2 01 22 B2 01 1C B2	copy:0xF0	$3E32	$B6BE32	$1B3E32
8	$03C29F	$87C29F	$57E0	$B6D7E0	$1B57E0	02 B5 00 00 03 78 19 04 FF B2 01 22 B2 01 1C B2	copy:0xF1	$3F21	$B6BF21	$1B3F21
8	$03C29F	$87C29F	$57E0	$B6D7E0	$1B57E0	02 B5 00 00 03 78 19 04 FF B2 01 22 B2 01 1C B2	special:0xB5	$0000	$B68000	$1B0000
8	$03C29F	$87C29F	$57E0	$B6D7E0	$1B57E0	02 B5 00 00 03 78 19 04 FF B2 01 22 B2 01 1C B2	copy:0xFF	$01B2	$B681B2	$1B01B2
8	$03C29F	$87C29F	$57E0	$B6D7E0	$1B57E0	02 B5 00 00 03 78 19 04 FF B2 01 22 B2 01 1C B2	copy:0xF0	$1F89	$B69F89	$1B1F89
8	$03C29F	$87C29F	$57E0	$B6D7E0	$1B57E0	02 B5 00 00 03 78 19 04 FF B2 01 22 B2 01 1C B2	copy:0xF0	$1F89	$B69F89	$1B1F89
8	$03C29F	$87C29F	$57E0	$B6D7E0	$1B57E0	02 B5 00 00 03 78 19 04 FF B2 01 22 B2 01 1C B2	copy:0xF0	$48E0	$B6C8E0	$1B48E0
8	$03C29F	$87C29F	$57E0	$B6D7E0	$1B57E0	02 B5 00 00 03 78 19 04 FF B2 01 22 B2 01 1C B2	copy:0xF0	$5180	$B6D180	$1B5180
8	$03C29F	$87C29F	$57E0	$B6D7E0	$1B57E0	02 B5 00 00 03 78 19 04 FF B2 01 22 B2 01 1C B2	copy:0xF2	$1B0D	$B69B0D	$1B1B0D
8	$03C29F	$87C29F	$57E0	$B6D7E0	$1B57E0	02 B5 00 00 03 78 19 04 FF B2 01 22 B2 01 1C B2	copy:0xF0	$5180	$B6D180	$1B5180
8	$03C29F	$87C29F	$57E0	$B6D7E0	$1B57E0	02 B5 00 00 03 78 19 04 FF B2 01 22 B2 01 1C B2	copy:0xF0	$5180	$B6D180	$1B5180
8	$03C29F	$87C29F	$57E0	$B6D7E0	$1B57E0	02 B5 00 00 03 78 19 04 FF B2 01 22 B2 01 1C B2	copy:0xF0	$573F	$B6D73F	$1B573F
8	$03C29F	$87C29F	$57E0	$B6D7E0	$1B57E0	02 B5 00 00 03 78 19 04 FF B2 01 22 B2 01 1C B2	copy:0xF1	$1ACC	$B69ACC	$1B1ACC
9	$03C2A1	$87C2A1	$581F	$B6D81F	$1B581F	02 B5 00 00 03 78 19 04 FF B2 01 22 B2 01 1C B2	special:0xB5	$0000	$B68000	$1B0000
9	$03C2A1	$87C2A1	$581F	$B6D81F	$1B581F	02 B5 00 00 03 78 19 04 FF B2 01 22 B2 01 1C B2	copy:0xFF	$01B2	$B681B2	$1B01B2
9	$03C2A1	$87C2A1	$581F	$B6D81F	$1B581F	02 B5 00 00 03 78 19 04 FF B2 01 22 B2 01 1C B2	copy:0xF1	$8018	$BD8018	$1E0018
9	$03C2A1	$87C2A1	$581F	$B6D81F	$1B581F	02 B5 00 00 03 78 19 04 FF B2 01 22 B2 01 1C B2	copy:0xF0	$5092	$B6D092	$1B5092
9	$03C2A1	$87C2A1	$581F	$B6D81F	$1B581F	02 B5 00 00 03 78 19 04 FF B2 01 22 B2 01 1C B2	copy:0xF0	$4DC6	$B6CDC6	$1B4DC6
9	$03C2A1	$87C2A1	$581F	$B6D81F	$1B581F	02 B5 00 00 03 78 19 04 FF B2 01 22 B2 01 1C B2	copy:0xF0	$3E32	$B6BE32	$1B3E32
9	$03C2A1	$87C2A1	$581F	$B6D81F	$1B581F	02 B5 00 00 03 78 19 04 FF B2 01 22 B2 01 1C B2	copy:0xF1	$3F21	$B6BF21	$1B3F21
9	$03C2A1	$87C2A1	$581F	$B6D81F	$1B581F	02 B5 00 00 03 78 19 04 FF B2 01 22 B2 01 1C B2	special:0xB5	$0000	$B68000	$1B0000
9	$03C2A1	$87C2A1	$581F	$B6D81F	$1B581F	02 B5 00 00 03 78 19 04 FF B2 01 22 B2 01 1C B2	copy:0xFF	$01B2	$B681B2	$1B01B2
9	$03C2A1	$87C2A1	$581F	$B6D81F	$1B581F	02 B5 00 00 03 78 19 04 FF B2 01 22 B2 01 1C B2	copy:0xF0	$1F89	$B69F89	$1B1F89
9	$03C2A1	$87C2A1	$581F	$B6D81F	$1B581F	02 B5 00 00 03 78 19 04 FF B2 01 22 B2 01 1C B2	copy:0xF0	$1F89	$B69F89	$1B1F89
9	$03C2A1	$87C2A1	$581F	$B6D81F	$1B581F	02 B5 00 00 03 78 19 04 FF B2 01 22 B2 01 1C B2	copy:0xF0	$48E0	$B6C8E0	$1B48E0
9	$03C2A1	$87C2A1	$581F	$B6D81F	$1B581F	02 B5 00 00 03 78 19 04 FF B2 01 22 B2 01 1C B2	copy:0xF0	$5180	$B6D180	$1B5180
9	$03C2A1	$87C2A1	$581F	$B6D81F	$1B581F	02 B5 00 00 03 78 19 04 FF B2 01 22 B2 01 1C B2	copy:0xF2	$1B0D	$B69B0D	$1B1B0D
9	$03C2A1	$87C2A1	$581F	$B6D81F	$1B581F	02 B5 00 00 03 78 19 04 FF B2 01 22 B2 01 1C B2	copy:0xF0	$5180	$B6D180	$1B5180
9	$03C2A1	$87C2A1	$581F	$B6D81F	$1B581F	02 B5 00 00 03 78 19 04 FF B2 01 22 B2 01 1C B2	copy:0xF0	$5180	$B6D180	$1B5180
9	$03C2A1	$87C2A1	$581F	$B6D81F	$1B581F	02 B5 00 00 03 78 19 04 FF B2 01 22 B2 01 1C B2	copy:0xF0	$573F	$B6D73F	$1B573F
9	$03C2A1	$87C2A1	$581F	$B6D81F	$1B581F	02 B5 00 00 03 78 19 04 FF B2 01 22 B2 01 1C B2	copy:0xF1	$1ACC	$B69ACC	$1B1ACC
9	$03C2A1	$87C2A1	$581F	$B6D81F	$1B581F	02 B5 00 00 03 78 19 04 FF B2 01 22 B2 01 1C B2	copy:0xF0	$5141	$B6D141	$1B5141
9	$03C2A1	$87C2A1	$581F	$B6D81F	$1B581F	02 B5 00 00 03 78 19 04 FF B2 01 22 B2 01 1C B2	copy:0xF2	$533F	$B6D33F	$1B533F
10	$03C2A3	$87C2A3	$5866	$B6D866	$1B5866	02 B5 00 00 03 78 19 04 FF B2 01 22 B2 01 1C B2	special:0xB5	$0000	$B68000	$1B0000
10	$03C2A3	$87C2A3	$5866	$B6D866	$1B5866	02 B5 00 00 03 78 19 04 FF B2 01 22 B2 01 1C B2	copy:0xFF	$01B2	$B681B2	$1B01B2
10	$03C2A3	$87C2A3	$5866	$B6D866	$1B5866	02 B5 00 00 03 78 19 04 FF B2 01 22 B2 01 1C B2	copy:0xF0	$1F89	$B69F89	$1B1F89
10	$03C2A3	$87C2A3	$5866	$B6D866	$1B5866	02 B5 00 00 03 78 19 04 FF B2 01 22 B2 01 1C B2	copy:0xF0	$1F89	$B69F89	$1B1F89
10	$03C2A3	$87C2A3	$5866	$B6D866	$1B5866	02 B5 00 00 03 78 19 04 FF B2 01 22 B2 01 1C B2	copy:0xF0	$48E0	$B6C8E0	$1B48E0
10	$03C2A3	$87C2A3	$5866	$B6D866	$1B5866	02 B5 00 00 03 78 19 04 FF B2 01 22 B2 01 1C B2	copy:0xF0	$5180	$B6D180	$1B5180
10	$03C2A3	$87C2A3	$5866	$B6D866	$1B5866	02 B5 00 00 03 78 19 04 FF B2 01 22 B2 01 1C B2	copy:0xF2	$1B0D	$B69B0D	$1B1B0D
10	$03C2A3	$87C2A3	$5866	$B6D866	$1B5866	02 B5 00 00 03 78 19 04 FF B2 01 22 B2 01 1C B2	copy:0xF0	$5180	$B6D180	$1B5180
10	$03C2A3	$87C2A3	$5866	$B6D866	$1B5866	02 B5 00 00 03 78 19 04 FF B2 01 22 B2 01 1C B2	copy:0xF0	$5180	$B6D180	$1B5180
10	$03C2A3	$87C2A3	$5866	$B6D866	$1B5866	02 B5 00 00 03 78 19 04 FF B2 01 22 B2 01 1C B2	copy:0xF0	$573F	$B6D73F	$1B573F
10	$03C2A3	$87C2A3	$5866	$B6D866	$1B5866	02 B5 00 00 03 78 19 04 FF B2 01 22 B2 01 1C B2	copy:0xF1	$1ACC	$B69ACC	$1B1ACC
10	$03C2A3	$87C2A3	$5866	$B6D866	$1B5866	02 B5 00 00 03 78 19 04 FF B2 01 22 B2 01 1C B2	copy:0xF0	$5141	$B6D141	$1B5141
10	$03C2A3	$87C2A3	$5866	$B6D866	$1B5866	02 B5 00 00 03 78 19 04 FF B2 01 22 B2 01 1C B2	copy:0xF2	$533F	$B6D33F	$1B533F
10	$03C2A3	$87C2A3	$5866	$B6D866	$1B5866	02 B5 00 00 03 78 19 04 FF B2 01 22 B2 01 1C B2	copy:0xF1	$517F	$B6D17F	$1B517F
10	$03C2A3	$87C2A3	$5866	$B6D866	$1B5866	02 B5 00 00 03 78 19 04 FF B2 01 22 B2 01 1C B2	copy:0xF0	$179C	$B6979C	$1B179C
10	$03C2A3	$87C2A3	$5866	$B6D866	$1B5866	02 B5 00 00 03 78 19 04 FF B2 01 22 B2 01 1C B2	copy:0xF0	$2399	$B6A399	$1B2399
10	$03C2A3	$87C2A3	$5866	$B6D866	$1B5866	02 B5 00 00 03 78 19 04 FF B2 01 22 B2 01 1C B2	special:0xB5	$0000	$B68000	$1B0000
10	$03C2A3	$87C2A3	$5866	$B6D866	$1B5866	02 B5 00 00 03 78 19 04 FF B2 01 22 B2 01 1C B2	copy:0xFF	$01B2	$B681B2	$1B01B2
10	$03C2A3	$87C2A3	$5866	$B6D866	$1B5866	02 B5 00 00 03 78 19 04 FF B2 01 22 B2 01 1C B2	copy:0xF0	$1357	$B69357	$1B1357
11	$03C2A5	$87C2A5	$5944	$B6D944	$1B5944	02 B5 00 00 03 78 19 04 FF B2 01 22 B2 01 1C B2	special:0xB5	$0000	$B68000	$1B0000
11	$03C2A5	$87C2A5	$5944	$B6D944	$1B5944	02 B5 00 00 03 78 19 04 FF B2 01 22 B2 01 1C B2	copy:0xFF	$01B2	$B681B2	$1B01B2
11	$03C2A5	$87C2A5	$5944	$B6D944	$1B5944	02 B5 00 00 03 78 19 04 FF B2 01 22 B2 01 1C B2	copy:0xF0	$1357	$B69357	$1B1357
11	$03C2A5	$87C2A5	$5944	$B6D944	$1B5944	02 B5 00 00 03 78 19 04 FF B2 01 22 B2 01 1C B2	special:0xB5	$0000	$B68000	$1B0000
11	$03C2A5	$87C2A5	$5944	$B6D944	$1B5944	02 B5 00 00 03 78 19 04 FF B2 01 22 B2 01 1C B2	copy:0xFF	$01B2	$B681B2	$1B01B2
11	$03C2A5	$87C2A5	$5944	$B6D944	$1B5944	02 B5 00 00 03 78 19 04 FF B2 01 22 B2 01 1C B2	copy:0xF0	$2A3D	$B6AA3D	$1B2A3D
11	$03C2A5	$87C2A5	$5944	$B6D944	$1B5944	02 B5 00 00 03 78 19 04 FF B2 01 22 B2 01 1C B2	copy:0xF0	$8011	$BD8011	$1E0011
11	$03C2A5	$87C2A5	$5944	$B6D944	$1B5944	02 B5 00 00 03 78 19 04 FF B2 01 22 B2 01 1C B2	special:0xB5	$0000	$B68000	$1B0000
11	$03C2A5	$87C2A5	$5944	$B6D944	$1B5944	02 B5 00 00 03 78 19 04 FF B2 01 22 B2 01 1C B2	copy:0xFF	$01B2	$B681B2	$1B01B2
11	$03C2A5	$87C2A5	$5944	$B6D944	$1B5944	02 B5 00 00 03 78 19 04 FF B2 01 22 B2 01 1C B2	copy:0xF1	$8018	$BD8018	$1E0018
11	$03C2A5	$87C2A5	$5944	$B6D944	$1B5944	02 B5 00 00 03 78 19 04 FF B2 01 22 B2 01 1C B2	copy:0xF0	$1356	$B69356	$1B1356
11	$03C2A5	$87C2A5	$5944	$B6D944	$1B5944	02 B5 00 00 03 78 19 04 FF B2 01 22 B2 01 1C B2	copy:0xF0	$8018	$BD8018	$1E0018
11	$03C2A5	$87C2A5	$5944	$B6D944	$1B5944	02 B5 00 00 03 78 19 04 FF B2 01 22 B2 01 1C B2	copy:0xF1	$1F89	$B69F89	$1B1F89
11	$03C2A5	$87C2A5	$5944	$B6D944	$1B5944	02 B5 00 00 03 78 19 04 FF B2 01 22 B2 01 1C B2	copy:0xF1	$2806	$B6A806	$1B2806
11	$03C2A5	$87C2A5	$5944	$B6D944	$1B5944	02 B5 00 00 03 78 19 04 FF B2 01 22 B2 01 1C B2	copy:0xF1	$3F23	$B6BF23	$1B3F23
11	$03C2A5	$87C2A5	$5944	$B6D944	$1B5944	02 B5 00 00 03 78 19 04 FF B2 01 22 B2 01 1C B2	special:0xB5	$0000	$B68000	$1B0000
11	$03C2A5	$87C2A5	$5944	$B6D944	$1B5944	02 B5 00 00 03 78 19 04 FF B2 01 22 B2 01 1C B2	copy:0xFF	$01B2	$B681B2	$1B01B2
11	$03C2A5	$87C2A5	$5944	$B6D944	$1B5944	02 B5 00 00 03 78 19 04 FF B2 01 22 B2 01 1C B2	copy:0xF0	$8011	$BD8011	$1E0011
12	$03C2A7	$87C2A7	$596A	$B6D96A	$1B596A	02 B5 00 00 03 78 19 04 FF B2 01 22 B2 01 1C B2	special:0xB5	$0000	$B68000	$1B0000
12	$03C2A7	$87C2A7	$596A	$B6D96A	$1B596A	02 B5 00 00 03 78 19 04 FF B2 01 22 B2 01 1C B2	copy:0xFF	$01B2	$B681B2	$1B01B2
12	$03C2A7	$87C2A7	$596A	$B6D96A	$1B596A	02 B5 00 00 03 78 19 04 FF B2 01 22 B2 01 1C B2	copy:0xF0	$2A3D	$B6AA3D	$1B2A3D
12	$03C2A7	$87C2A7	$596A	$B6D96A	$1B596A	02 B5 00 00 03 78 19 04 FF B2 01 22 B2 01 1C B2	copy:0xF0	$8011	$BD8011	$1E0011
12	$03C2A7	$87C2A7	$596A	$B6D96A	$1B596A	02 B5 00 00 03 78 19 04 FF B2 01 22 B2 01 1C B2	special:0xB5	$0000	$B68000	$1B0000
12	$03C2A7	$87C2A7	$596A	$B6D96A	$1B596A	02 B5 00 00 03 78 19 04 FF B2 01 22 B2 01 1C B2	copy:0xFF	$01B2	$B681B2	$1B01B2
12	$03C2A7	$87C2A7	$596A	$B6D96A	$1B596A	02 B5 00 00 03 78 19 04 FF B2 01 22 B2 01 1C B2	copy:0xF1	$8018	$BD8018	$1E0018
12	$03C2A7	$87C2A7	$596A	$B6D96A	$1B596A	02 B5 00 00 03 78 19 04 FF B2 01 22 B2 01 1C B2	copy:0xF0	$1356	$B69356	$1B1356
12	$03C2A7	$87C2A7	$596A	$B6D96A	$1B596A	02 B5 00 00 03 78 19 04 FF B2 01 22 B2 01 1C B2	copy:0xF0	$8018	$BD8018	$1E0018
12	$03C2A7	$87C2A7	$596A	$B6D96A	$1B596A	02 B5 00 00 03 78 19 04 FF B2 01 22 B2 01 1C B2	copy:0xF1	$1F89	$B69F89	$1B1F89
12	$03C2A7	$87C2A7	$596A	$B6D96A	$1B596A	02 B5 00 00 03 78 19 04 FF B2 01 22 B2 01 1C B2	copy:0xF1	$2806	$B6A806	$1B2806
12	$03C2A7	$87C2A7	$596A	$B6D96A	$1B596A	02 B5 00 00 03 78 19 04 FF B2 01 22 B2 01 1C B2	copy:0xF1	$3F23	$B6BF23	$1B3F23
12	$03C2A7	$87C2A7	$596A	$B6D96A	$1B596A	02 B5 00 00 03 78 19 04 FF B2 01 22 B2 01 1C B2	special:0xB5	$0000	$B68000	$1B0000
12	$03C2A7	$87C2A7	$596A	$B6D96A	$1B596A	02 B5 00 00 03 78 19 04 FF B2 01 22 B2 01 1C B2	copy:0xFF	$01B2	$B681B2	$1B01B2
12	$03C2A7	$87C2A7	$596A	$B6D96A	$1B596A	02 B5 00 00 03 78 19 04 FF B2 01 22 B2 01 1C B2	copy:0xF0	$8011	$BD8011	$1E0011
12	$03C2A7	$87C2A7	$596A	$B6D96A	$1B596A	02 B5 00 00 03 78 19 04 FF B2 01 22 B2 01 1C B2	copy:0xF2	$4285	$B6C285	$1B4285
13	$03C2A9	$87C2A9	$59B3	$B6D9B3	$1B59B3	02 B5 00 00 03 78 19 04 FF B2 01 22 B2 01 1C B2	special:0xB5	$0000	$B68000	$1B0000
13	$03C2A9	$87C2A9	$59B3	$B6D9B3	$1B59B3	02 B5 00 00 03 78 19 04 FF B2 01 22 B2 01 1C B2	copy:0xFF	$01B2	$B681B2	$1B01B2
13	$03C2A9	$87C2A9	$59B3	$B6D9B3	$1B59B3	02 B5 00 00 03 78 19 04 FF B2 01 22 B2 01 1C B2	copy:0xF1	$8018	$BD8018	$1E0018
13	$03C2A9	$87C2A9	$59B3	$B6D9B3	$1B59B3	02 B5 00 00 03 78 19 04 FF B2 01 22 B2 01 1C B2	copy:0xF0	$1356	$B69356	$1B1356
13	$03C2A9	$87C2A9	$59B3	$B6D9B3	$1B59B3	02 B5 00 00 03 78 19 04 FF B2 01 22 B2 01 1C B2	copy:0xF0	$8018	$BD8018	$1E0018
13	$03C2A9	$87C2A9	$59B3	$B6D9B3	$1B59B3	02 B5 00 00 03 78 19 04 FF B2 01 22 B2 01 1C B2	copy:0xF1	$1F89	$B69F89	$1B1F89
13	$03C2A9	$87C2A9	$59B3	$B6D9B3	$1B59B3	02 B5 00 00 03 78 19 04 FF B2 01 22 B2 01 1C B2	copy:0xF1	$2806	$B6A806	$1B2806
13	$03C2A9	$87C2A9	$59B3	$B6D9B3	$1B59B3	02 B5 00 00 03 78 19 04 FF B2 01 22 B2 01 1C B2	copy:0xF1	$3F23	$B6BF23	$1B3F23
13	$03C2A9	$87C2A9	$59B3	$B6D9B3	$1B59B3	02 B5 00 00 03 78 19 04 FF B2 01 22 B2 01 1C B2	special:0xB5	$0000	$B68000	$1B0000
13	$03C2A9	$87C2A9	$59B3	$B6D9B3	$1B59B3	02 B5 00 00 03 78 19 04 FF B2 01 22 B2 01 1C B2	copy:0xFF	$01B2	$B681B2	$1B01B2
13	$03C2A9	$87C2A9	$59B3	$B6D9B3	$1B59B3	02 B5 00 00 03 78 19 04 FF B2 01 22 B2 01 1C B2	copy:0xF0	$8011	$BD8011	$1E0011
13	$03C2A9	$87C2A9	$59B3	$B6D9B3	$1B59B3	02 B5 00 00 03 78 19 04 FF B2 01 22 B2 01 1C B2	copy:0xF2	$4285	$B6C285	$1B4285
13	$03C2A9	$87C2A9	$59B3	$B6D9B3	$1B59B3	02 B5 00 00 03 78 19 04 FF B2 01 22 B2 01 1C B2	copy:0xF0	$8011	$BD8011	$1E0011
13	$03C2A9	$87C2A9	$59B3	$B6D9B3	$1B59B3	02 B5 00 00 03 78 19 04 FF B2 01 22 B2 01 1C B2	copy:0xF0	$144D	$B6944D	$1B144D
13	$03C2A9	$87C2A9	$59B3	$B6D9B3	$1B59B3	02 B5 00 00 03 78 19 04 FF B2 01 22 B2 01 1C B2	copy:0xF0	$8018	$BD8018	$1E0018
13	$03C2A9	$87C2A9	$59B3	$B6D9B3	$1B59B3	02 B5 00 00 03 78 19 04 FF B2 01 22 B2 01 1C B2	special:0xB5	$0000	$B68000	$1B0000
13	$03C2A9	$87C2A9	$59B3	$B6D9B3	$1B59B3	02 B5 00 00 03 78 19 04 FF B2 01 22 B2 01 1C B2	copy:0xFF	$01B2	$B681B2	$1B01B2
13	$03C2A9	$87C2A9	$59B3	$B6D9B3	$1B59B3	02 B5 00 00 03 78 19 04 FF B2 01 22 B2 01 1C B2	copy:0xF0	$8011	$BD8011	$1E0011
13	$03C2A9	$87C2A9	$59B3	$B6D9B3	$1B59B3	02 B5 00 00 03 78 19 04 FF B2 01 22 B2 01 1C B2	copy:0xF0	$8018	$BD8018	$1E0018
13	$03C2A9	$87C2A9	$59B3	$B6D9B3	$1B59B3	02 B5 00 00 03 78 19 04 FF B2 01 22 B2 01 1C B2	copy:0xF0	$4DC6	$B6CDC6	$1B4DC6
14	$03C2AB	$87C2AB	$5A1C	$B6DA1C	$1B5A1C	02 B5 00 00 03 78 19 04 FF B2 01 22 B2 01 1C B2	special:0xB5	$0000	$B68000	$1B0000
14	$03C2AB	$87C2AB	$5A1C	$B6DA1C	$1B5A1C	02 B5 00 00 03 78 19 04 FF B2 01 22 B2 01 1C B2	copy:0xFF	$01B2	$B681B2	$1B01B2
14	$03C2AB	$87C2AB	$5A1C	$B6DA1C	$1B5A1C	02 B5 00 00 03 78 19 04 FF B2 01 22 B2 01 1C B2	copy:0xF0	$8011	$BD8011	$1E0011
14	$03C2AB	$87C2AB	$5A1C	$B6DA1C	$1B5A1C	02 B5 00 00 03 78 19 04 FF B2 01 22 B2 01 1C B2	copy:0xF2	$4285	$B6C285	$1B4285
14	$03C2AB	$87C2AB	$5A1C	$B6DA1C	$1B5A1C	02 B5 00 00 03 78 19 04 FF B2 01 22 B2 01 1C B2	copy:0xF0	$8011	$BD8011	$1E0011
14	$03C2AB	$87C2AB	$5A1C	$B6DA1C	$1B5A1C	02 B5 00 00 03 78 19 04 FF B2 01 22 B2 01 1C B2	copy:0xF0	$144D	$B6944D	$1B144D
14	$03C2AB	$87C2AB	$5A1C	$B6DA1C	$1B5A1C	02 B5 00 00 03 78 19 04 FF B2 01 22 B2 01 1C B2	copy:0xF0	$8018	$BD8018	$1E0018
14	$03C2AB	$87C2AB	$5A1C	$B6DA1C	$1B5A1C	02 B5 00 00 03 78 19 04 FF B2 01 22 B2 01 1C B2	special:0xB5	$0000	$B68000	$1B0000
14	$03C2AB	$87C2AB	$5A1C	$B6DA1C	$1B5A1C	02 B5 00 00 03 78 19 04 FF B2 01 22 B2 01 1C B2	copy:0xFF	$01B2	$B681B2	$1B01B2
14	$03C2AB	$87C2AB	$5A1C	$B6DA1C	$1B5A1C	02 B5 00 00 03 78 19 04 FF B2 01 22 B2 01 1C B2	copy:0xF0	$8011	$BD8011	$1E0011
14	$03C2AB	$87C2AB	$5A1C	$B6DA1C	$1B5A1C	02 B5 00 00 03 78 19 04 FF B2 01 22 B2 01 1C B2	copy:0xF0	$8018	$BD8018	$1E0018
14	$03C2AB	$87C2AB	$5A1C	$B6DA1C	$1B5A1C	02 B5 00 00 03 78 19 04 FF B2 01 22 B2 01 1C B2	copy:0xF0	$4DC6	$B6CDC6	$1B4DC6
14	$03C2AB	$87C2AB	$5A1C	$B6DA1C	$1B5A1C	02 B5 00 00 03 78 19 04 FF B2 01 22 B2 01 1C B2	copy:0xF0	$3A6D	$B6BA6D	$1B3A6D
14	$03C2AB	$87C2AB	$5A1C	$B6DA1C	$1B5A1C	02 B5 00 00 03 78 19 04 FF B2 01 22 B2 01 1C B2	copy:0xF0	$2399	$B6A399	$1B2399
14	$03C2AB	$87C2AB	$5A1C	$B6DA1C	$1B5A1C	02 B5 00 00 03 78 19 04 FF B2 01 22 B2 01 1C B2	copy:0xFF	$0314	$B68314	$1B0314
14	$03C2AB	$87C2AB	$5A1C	$B6DA1C	$1B5A1C	02 B5 00 00 03 78 19 04 FF B2 01 22 B2 01 1C B2	copy:0xF2	$1BA4	$B69BA4	$1B1BA4
14	$03C2AB	$87C2AB	$5A1C	$B6DA1C	$1B5A1C	02 B5 00 00 03 78 19 04 FF B2 01 22 B2 01 1C B2	copy:0xF0	$16CB	$B696CB	$1B16CB
14	$03C2AB	$87C2AB	$5A1C	$B6DA1C	$1B5A1C	02 B5 00 00 03 78 19 04 FF B2 01 22 B2 01 1C B2	copy:0xF3	$1379	$B69379	$1B1379
14	$03C2AB	$87C2AB	$5A1C	$B6DA1C	$1B5A1C	02 B5 00 00 03 78 19 04 FF B2 01 22 B2 01 1C B2	copy:0xF0	$4E64	$B6CE64	$1B4E64
14	$03C2AB	$87C2AB	$5A1C	$B6DA1C	$1B5A1C	02 B5 00 00 03 78 19 04 FF B2 01 22 B2 01 1C B2	copy:0xF0	$138A	$B6938A	$1B138A
14	$03C2AB	$87C2AB	$5A1C	$B6DA1C	$1B5A1C	02 B5 00 00 03 78 19 04 FF B2 01 22 B2 01 1C B2	copy:0xF0	$1A22	$B69A22	$1B1A22
14	$03C2AB	$87C2AB	$5A1C	$B6DA1C	$1B5A1C	02 B5 00 00 03 78 19 04 FF B2 01 22 B2 01 1C B2	copy:0xF0	$200F	$B6A00F	$1B200F
14	$03C2AB	$87C2AB	$5A1C	$B6DA1C	$1B5A1C	02 B5 00 00 03 78 19 04 FF B2 01 22 B2 01 1C B2	copy:0xF0	$1A12	$B69A12	$1B1A12
14	$03C2AB	$87C2AB	$5A1C	$B6DA1C	$1B5A1C	02 B5 00 00 03 78 19 04 FF B2 01 22 B2 01 1C B2	copy:0xF0	$5237	$B6D237	$1B5237
15	$03C2AD	$87C2AD	$5A88	$B6DA88	$1B5A88	02 B5 00 00 03 78 19 04 FF B2 01 22 B2 01 1C B2	special:0xB5	$0000	$B68000	$1B0000
15	$03C2AD	$87C2AD	$5A88	$B6DA88	$1B5A88	02 B5 00 00 03 78 19 04 FF B2 01 22 B2 01 1C B2	copy:0xFF	$01B2	$B681B2	$1B01B2
15	$03C2AD	$87C2AD	$5A88	$B6DA88	$1B5A88	02 B5 00 00 03 78 19 04 FF B2 01 22 B2 01 1C B2	copy:0xF0	$8011	$BD8011	$1E0011
15	$03C2AD	$87C2AD	$5A88	$B6DA88	$1B5A88	02 B5 00 00 03 78 19 04 FF B2 01 22 B2 01 1C B2	copy:0xF0	$8018	$BD8018	$1E0018
15	$03C2AD	$87C2AD	$5A88	$B6DA88	$1B5A88	02 B5 00 00 03 78 19 04 FF B2 01 22 B2 01 1C B2	copy:0xF0	$4DC6	$B6CDC6	$1B4DC6
15	$03C2AD	$87C2AD	$5A88	$B6DA88	$1B5A88	02 B5 00 00 03 78 19 04 FF B2 01 22 B2 01 1C B2	copy:0xF0	$3A6D	$B6BA6D	$1B3A6D
15	$03C2AD	$87C2AD	$5A88	$B6DA88	$1B5A88	02 B5 00 00 03 78 19 04 FF B2 01 22 B2 01 1C B2	copy:0xF0	$2399	$B6A399	$1B2399
15	$03C2AD	$87C2AD	$5A88	$B6DA88	$1B5A88	02 B5 00 00 03 78 19 04 FF B2 01 22 B2 01 1C B2	copy:0xFF	$0314	$B68314	$1B0314
15	$03C2AD	$87C2AD	$5A88	$B6DA88	$1B5A88	02 B5 00 00 03 78 19 04 FF B2 01 22 B2 01 1C B2	copy:0xF2	$1BA4	$B69BA4	$1B1BA4
15	$03C2AD	$87C2AD	$5A88	$B6DA88	$1B5A88	02 B5 00 00 03 78 19 04 FF B2 01 22 B2 01 1C B2	copy:0xF0	$16CB	$B696CB	$1B16CB
15	$03C2AD	$87C2AD	$5A88	$B6DA88	$1B5A88	02 B5 00 00 03 78 19 04 FF B2 01 22 B2 01 1C B2	copy:0xF3	$1379	$B69379	$1B1379
15	$03C2AD	$87C2AD	$5A88	$B6DA88	$1B5A88	02 B5 00 00 03 78 19 04 FF B2 01 22 B2 01 1C B2	copy:0xF0	$4E64	$B6CE64	$1B4E64
15	$03C2AD	$87C2AD	$5A88	$B6DA88	$1B5A88	02 B5 00 00 03 78 19 04 FF B2 01 22 B2 01 1C B2	copy:0xF0	$138A	$B6938A	$1B138A
15	$03C2AD	$87C2AD	$5A88	$B6DA88	$1B5A88	02 B5 00 00 03 78 19 04 FF B2 01 22 B2 01 1C B2	copy:0xF0	$1A22	$B69A22	$1B1A22
15	$03C2AD	$87C2AD	$5A88	$B6DA88	$1B5A88	02 B5 00 00 03 78 19 04 FF B2 01 22 B2 01 1C B2	copy:0xF0	$200F	$B6A00F	$1B200F
15	$03C2AD	$87C2AD	$5A88	$B6DA88	$1B5A88	02 B5 00 00 03 78 19 04 FF B2 01 22 B2 01 1C B2	copy:0xF0	$1A12	$B69A12	$1B1A12
15	$03C2AD	$87C2AD	$5A88	$B6DA88	$1B5A88	02 B5 00 00 03 78 19 04 FF B2 01 22 B2 01 1C B2	copy:0xF0	$5237	$B6D237	$1B5237
15	$03C2AD	$87C2AD	$5A88	$B6DA88	$1B5A88	02 B5 00 00 03 78 19 04 FF B2 01 22 B2 01 1C B2	copy:0xF0	$1A7A	$B69A7A	$1B1A7A
15	$03C2AD	$87C2AD	$5A88	$B6DA88	$1B5A88	02 B5 00 00 03 78 19 04 FF B2 01 22 B2 01 1C B2	copy:0xF0	$1645	$B69645	$1B1645
15	$03C2AD	$87C2AD	$5A88	$B6DA88	$1B5A88	02 B5 00 00 03 78 19 04 FF B2 01 22 B2 01 1C B2	copy:0xF0	$29AB	$B6A9AB	$1B29AB
15	$03C2AD	$87C2AD	$5A88	$B6DA88	$1B5A88	02 B5 00 00 03 78 19 04 FF B2 01 22 B2 01 1C B2	copy:0xF0	$4C39	$B6CC39	$1B4C39
15	$03C2AD	$87C2AD	$5A88	$B6DA88	$1B5A88	02 B5 00 00 03 78 19 04 FF B2 01 22 B2 01 1C B2	copy:0xF0	$1F95	$B69F95	$1B1F95
15	$03C2AD	$87C2AD	$5A88	$B6DA88	$1B5A88	02 B5 00 00 03 78 19 04 FF B2 01 22 B2 01 1C B2	copy:0xF1	$1B63	$B69B63	$1B1B63
15	$03C2AD	$87C2AD	$5A88	$B6DA88	$1B5A88	02 B5 00 00 03 78 19 04 FF B2 01 22 B2 01 1C B2	copy:0xF0	$2212	$B6A212	$1B2212
15	$03C2AD	$87C2AD	$5A88	$B6DA88	$1B5A88	02 B5 00 00 03 78 19 04 FF B2 01 22 B2 01 1C B2	copy:0xF0	$1D1D	$B69D1D	$1B1D1D
15	$03C2AD	$87C2AD	$5A88	$B6DA88	$1B5A88	02 B5 00 00 03 78 19 04 FF B2 01 22 B2 01 1C B2	copy:0xF0	$517C	$B6D17C	$1B517C
16	$03C2AF	$87C2AF	$22B8	$B6A2B8	$1B22B8	02 B5 00 00 02 90 19 04 FF B2 01 22 B2 04 1C B2	special:0xB5	$0000	$B68000	$1B0000
16	$03C2AF	$87C2AF	$22B8	$B6A2B8	$1B22B8	02 B5 00 00 02 90 19 04 FF B2 01 22 B2 04 1C B2	copy:0xFF	$01B2	$B681B2	$1B01B2
16	$03C2AF	$87C2AF	$22B8	$B6A2B8	$1B22B8	02 B5 00 00 02 90 19 04 FF B2 01 22 B2 04 1C B2	copy:0xF0	$1897	$B69897	$1B1897
16	$03C2AF	$87C2AF	$22B8	$B6A2B8	$1B22B8	02 B5 00 00 02 90 19 04 FF B2 01 22 B2 04 1C B2	copy:0xF0	$206B	$B6A06B	$1B206B
16	$03C2AF	$87C2AF	$22B8	$B6A2B8	$1B22B8	02 B5 00 00 02 90 19 04 FF B2 01 22 B2 04 1C B2	copy:0xF0	$2325	$B6A325	$1B2325
16	$03C2AF	$87C2AF	$22B8	$B6A2B8	$1B22B8	02 B5 00 00 02 90 19 04 FF B2 01 22 B2 04 1C B2	special:0xB5	$0000	$B68000	$1B0000
16	$03C2AF	$87C2AF	$22B8	$B6A2B8	$1B22B8	02 B5 00 00 02 90 19 04 FF B2 01 22 B2 04 1C B2	copy:0xFF	$04B2	$B684B2	$1B04B2
16	$03C2AF	$87C2AF	$22B8	$B6A2B8	$1B22B8	02 B5 00 00 02 90 19 04 FF B2 01 22 B2 04 1C B2	special:0xB5	$0000	$B68000	$1B0000
16	$03C2AF	$87C2AF	$22B8	$B6A2B8	$1B22B8	02 B5 00 00 02 90 19 04 FF B2 01 22 B2 04 1C B2	copy:0xFF	$04B2	$B684B2	$1B04B2
16	$03C2AF	$87C2AF	$22B8	$B6A2B8	$1B22B8	02 B5 00 00 02 90 19 04 FF B2 01 22 B2 04 1C B2	copy:0xF0	$22CD	$B6A2CD	$1B22CD
16	$03C2AF	$87C2AF	$22B8	$B6A2B8	$1B22B8	02 B5 00 00 02 90 19 04 FF B2 01 22 B2 04 1C B2	copy:0xFF	$0314	$B68314	$1B0314
17	$03C2B1	$87C2B1	$234C	$B6A34C	$1B234C	02 B5 00 00 02 90 19 04 FF B2 04 1C B2 01 14 18	special:0xB5	$0000	$B68000	$1B0000
17	$03C2B1	$87C2B1	$234C	$B6A34C	$1B234C	02 B5 00 00 02 90 19 04 FF B2 04 1C B2 01 14 18	copy:0xFF	$04B2	$B684B2	$1B04B2
17	$03C2B1	$87C2B1	$234C	$B6A34C	$1B234C	02 B5 00 00 02 90 19 04 FF B2 04 1C B2 01 14 18	special:0xB5	$0000	$B68000	$1B0000
17	$03C2B1	$87C2B1	$234C	$B6A34C	$1B234C	02 B5 00 00 02 90 19 04 FF B2 04 1C B2 01 14 18	copy:0xFF	$04B2	$B684B2	$1B04B2
17	$03C2B1	$87C2B1	$234C	$B6A34C	$1B234C	02 B5 00 00 02 90 19 04 FF B2 04 1C B2 01 14 18	copy:0xF0	$22CD	$B6A2CD	$1B22CD
17	$03C2B1	$87C2B1	$234C	$B6A34C	$1B234C	02 B5 00 00 02 90 19 04 FF B2 04 1C B2 01 14 18	copy:0xFF	$0314	$B68314	$1B0314
17	$03C2B1	$87C2B1	$234C	$B6A34C	$1B234C	02 B5 00 00 02 90 19 04 FF B2 04 1C B2 01 14 18	copy:0xF1	$1F8F	$B69F8F	$1B1F8F
17	$03C2B1	$87C2B1	$234C	$B6A34C	$1B234C	02 B5 00 00 02 90 19 04 FF B2 04 1C B2 01 14 18	copy:0xF0	$8011	$BD8011	$1E0011
17	$03C2B1	$87C2B1	$234C	$B6A34C	$1B234C	02 B5 00 00 02 90 19 04 FF B2 04 1C B2 01 14 18	copy:0xF1	$22A3	$B6A2A3	$1B22A3
17	$03C2B1	$87C2B1	$234C	$B6A34C	$1B234C	02 B5 00 00 02 90 19 04 FF B2 04 1C B2 01 14 18	copy:0xF0	$2399	$B6A399	$1B2399
17	$03C2B1	$87C2B1	$234C	$B6A34C	$1B234C	02 B5 00 00 02 90 19 04 FF B2 04 1C B2 01 14 18	copy:0xF1	$1F8F	$B69F8F	$1B1F8F
17	$03C2B1	$87C2B1	$234C	$B6A34C	$1B234C	02 B5 00 00 02 90 19 04 FF B2 04 1C B2 01 14 18	copy:0xF0	$8018	$BD8018	$1E0018
17	$03C2B1	$87C2B1	$234C	$B6A34C	$1B234C	02 B5 00 00 02 90 19 04 FF B2 04 1C B2 01 14 18	copy:0xF1	$22A3	$B6A2A3	$1B22A3
17	$03C2B1	$87C2B1	$234C	$B6A34C	$1B234C	02 B5 00 00 02 90 19 04 FF B2 04 1C B2 01 14 18	copy:0xF3	$23DA	$B6A3DA	$1B23DA
17	$03C2B1	$87C2B1	$234C	$B6A34C	$1B234C	02 B5 00 00 02 90 19 04 FF B2 04 1C B2 01 14 18	copy:0xF0	$2399	$B6A399	$1B2399
18	$03C2B3	$87C2B3	$236D	$B6A36D	$1B236D	02 B5 00 00 02 90 19 04 FF B2 04 1C B2 04 20 B2	special:0xB5	$0000	$B68000	$1B0000
18	$03C2B3	$87C2B3	$236D	$B6A36D	$1B236D	02 B5 00 00 02 90 19 04 FF B2 04 1C B2 04 20 B2	copy:0xFF	$04B2	$B684B2	$1B04B2
18	$03C2B3	$87C2B3	$236D	$B6A36D	$1B236D	02 B5 00 00 02 90 19 04 FF B2 04 1C B2 04 20 B2	copy:0xF0	$22CD	$B6A2CD	$1B22CD
18	$03C2B3	$87C2B3	$236D	$B6A36D	$1B236D	02 B5 00 00 02 90 19 04 FF B2 04 1C B2 04 20 B2	copy:0xFF	$0314	$B68314	$1B0314
18	$03C2B3	$87C2B3	$236D	$B6A36D	$1B236D	02 B5 00 00 02 90 19 04 FF B2 04 1C B2 04 20 B2	copy:0xF1	$1F8F	$B69F8F	$1B1F8F
18	$03C2B3	$87C2B3	$236D	$B6A36D	$1B236D	02 B5 00 00 02 90 19 04 FF B2 04 1C B2 04 20 B2	copy:0xF0	$8011	$BD8011	$1E0011
18	$03C2B3	$87C2B3	$236D	$B6A36D	$1B236D	02 B5 00 00 02 90 19 04 FF B2 04 1C B2 04 20 B2	copy:0xF1	$22A3	$B6A2A3	$1B22A3
18	$03C2B3	$87C2B3	$236D	$B6A36D	$1B236D	02 B5 00 00 02 90 19 04 FF B2 04 1C B2 04 20 B2	copy:0xF0	$2399	$B6A399	$1B2399
18	$03C2B3	$87C2B3	$236D	$B6A36D	$1B236D	02 B5 00 00 02 90 19 04 FF B2 04 1C B2 04 20 B2	copy:0xF1	$1F8F	$B69F8F	$1B1F8F
18	$03C2B3	$87C2B3	$236D	$B6A36D	$1B236D	02 B5 00 00 02 90 19 04 FF B2 04 1C B2 04 20 B2	copy:0xF0	$8018	$BD8018	$1E0018
18	$03C2B3	$87C2B3	$236D	$B6A36D	$1B236D	02 B5 00 00 02 90 19 04 FF B2 04 1C B2 04 20 B2	copy:0xF1	$22A3	$B6A2A3	$1B22A3
18	$03C2B3	$87C2B3	$236D	$B6A36D	$1B236D	02 B5 00 00 02 90 19 04 FF B2 04 1C B2 04 20 B2	copy:0xF3	$23DA	$B6A3DA	$1B23DA
18	$03C2B3	$87C2B3	$236D	$B6A36D	$1B236D	02 B5 00 00 02 90 19 04 FF B2 04 1C B2 04 20 B2	copy:0xF0	$2399	$B6A399	$1B2399
18	$03C2B3	$87C2B3	$236D	$B6A36D	$1B236D	02 B5 00 00 02 90 19 04 FF B2 04 1C B2 04 20 B2	copy:0xF0	$1491	$B69491	$1B1491
19	$03C2B5	$87C2B5	$5325	$B6D325	$1B5325	02 B5 00 00 02 90 1C 04 FF B2 01 22 B2 04 1C B2	special:0xB5	$0000	$B68000	$1B0000
19	$03C2B5	$87C2B5	$5325	$B6D325	$1B5325	02 B5 00 00 02 90 1C 04 FF B2 01 22 B2 04 1C B2	copy:0xFF	$01B2	$B681B2	$1B01B2
19	$03C2B5	$87C2B5	$5325	$B6D325	$1B5325	02 B5 00 00 02 90 1C 04 FF B2 01 22 B2 04 1C B2	copy:0xF1	$5337	$B6D337	$1B5337
19	$03C2B5	$87C2B5	$5325	$B6D325	$1B5325	02 B5 00 00 02 90 1C 04 FF B2 01 22 B2 04 1C B2	copy:0xF0	$144D	$B6944D	$1B144D
19	$03C2B5	$87C2B5	$5325	$B6D325	$1B5325	02 B5 00 00 02 90 1C 04 FF B2 01 22 B2 04 1C B2	special:0xB5	$0000	$B68000	$1B0000
19	$03C2B5	$87C2B5	$5325	$B6D325	$1B5325	02 B5 00 00 02 90 1C 04 FF B2 01 22 B2 04 1C B2	copy:0xFF	$01B2	$B681B2	$1B01B2
19	$03C2B5	$87C2B5	$5325	$B6D325	$1B5325	02 B5 00 00 02 90 1C 04 FF B2 01 22 B2 04 1C B2	copy:0xF1	$5337	$B6D337	$1B5337
19	$03C2B5	$87C2B5	$5325	$B6D325	$1B5325	02 B5 00 00 02 90 1C 04 FF B2 01 22 B2 04 1C B2	copy:0xF0	$8011	$BD8011	$1E0011
19	$03C2B5	$87C2B5	$5325	$B6D325	$1B5325	02 B5 00 00 02 90 1C 04 FF B2 01 22 B2 04 1C B2	copy:0xF0	$2A3D	$B6AA3D	$1B2A3D
19	$03C2B5	$87C2B5	$5325	$B6D325	$1B5325	02 B5 00 00 02 90 1C 04 FF B2 01 22 B2 04 1C B2	copy:0xF0	$2483	$B6A483	$1B2483
19	$03C2B5	$87C2B5	$5325	$B6D325	$1B5325	02 B5 00 00 02 90 1C 04 FF B2 01 22 B2 04 1C B2	special:0xB5	$0000	$B68000	$1B0000
19	$03C2B5	$87C2B5	$5325	$B6D325	$1B5325	02 B5 00 00 02 90 1C 04 FF B2 01 22 B2 04 1C B2	copy:0xFF	$01B2	$B681B2	$1B01B2
19	$03C2B5	$87C2B5	$5325	$B6D325	$1B5325	02 B5 00 00 02 90 1C 04 FF B2 01 22 B2 04 1C B2	copy:0xF0	$215C	$B6A15C	$1B215C
19	$03C2B5	$87C2B5	$5325	$B6D325	$1B5325	02 B5 00 00 02 90 1C 04 FF B2 01 22 B2 04 1C B2	copy:0xF1	$2A3C	$B6AA3C	$1B2A3C
19	$03C2B5	$87C2B5	$5325	$B6D325	$1B5325	02 B5 00 00 02 90 1C 04 FF B2 01 22 B2 04 1C B2	copy:0xF0	$1415	$B69415	$1B1415
19	$03C2B5	$87C2B5	$5325	$B6D325	$1B5325	02 B5 00 00 02 90 1C 04 FF B2 01 22 B2 04 1C B2	copy:0xF0	$1B0F	$B69B0F	$1B1B0F
19	$03C2B5	$87C2B5	$5325	$B6D325	$1B5325	02 B5 00 00 02 90 1C 04 FF B2 01 22 B2 04 1C B2	copy:0xF0	$1FBF	$B69FBF	$1B1FBF
19	$03C2B5	$87C2B5	$5325	$B6D325	$1B5325	02 B5 00 00 02 90 1C 04 FF B2 01 22 B2 04 1C B2	copy:0xF0	$200F	$B6A00F	$1B200F
19	$03C2B5	$87C2B5	$5325	$B6D325	$1B5325	02 B5 00 00 02 90 1C 04 FF B2 01 22 B2 04 1C B2	copy:0xF0	$156B	$B6956B	$1B156B
19	$03C2B5	$87C2B5	$5325	$B6D325	$1B5325	02 B5 00 00 02 90 1C 04 FF B2 01 22 B2 04 1C B2	copy:0xF0	$1787	$B69787	$1B1787
19	$03C2B5	$87C2B5	$5325	$B6D325	$1B5325	02 B5 00 00 02 90 1C 04 FF B2 01 22 B2 04 1C B2	copy:0xF0	$425B	$B6C25B	$1B425B
19	$03C2B5	$87C2B5	$5325	$B6D325	$1B5325	02 B5 00 00 02 90 1C 04 FF B2 01 22 B2 04 1C B2	copy:0xF0	$8011	$BD8011	$1E0011
20	$03C2B7	$87C2B7	$5377	$B6D377	$1B5377	02 B5 00 00 02 90 1C 04 FF B2 01 22 B2 04 1C B2	special:0xB5	$0000	$B68000	$1B0000
20	$03C2B7	$87C2B7	$5377	$B6D377	$1B5377	02 B5 00 00 02 90 1C 04 FF B2 01 22 B2 04 1C B2	copy:0xFF	$01B2	$B681B2	$1B01B2
20	$03C2B7	$87C2B7	$5377	$B6D377	$1B5377	02 B5 00 00 02 90 1C 04 FF B2 01 22 B2 04 1C B2	copy:0xF1	$5337	$B6D337	$1B5337
20	$03C2B7	$87C2B7	$5377	$B6D377	$1B5377	02 B5 00 00 02 90 1C 04 FF B2 01 22 B2 04 1C B2	copy:0xF0	$8011	$BD8011	$1E0011
20	$03C2B7	$87C2B7	$5377	$B6D377	$1B5377	02 B5 00 00 02 90 1C 04 FF B2 01 22 B2 04 1C B2	copy:0xF0	$2A3D	$B6AA3D	$1B2A3D
20	$03C2B7	$87C2B7	$5377	$B6D377	$1B5377	02 B5 00 00 02 90 1C 04 FF B2 01 22 B2 04 1C B2	copy:0xF0	$2483	$B6A483	$1B2483
20	$03C2B7	$87C2B7	$5377	$B6D377	$1B5377	02 B5 00 00 02 90 1C 04 FF B2 01 22 B2 04 1C B2	special:0xB5	$0000	$B68000	$1B0000
20	$03C2B7	$87C2B7	$5377	$B6D377	$1B5377	02 B5 00 00 02 90 1C 04 FF B2 01 22 B2 04 1C B2	copy:0xFF	$01B2	$B681B2	$1B01B2
20	$03C2B7	$87C2B7	$5377	$B6D377	$1B5377	02 B5 00 00 02 90 1C 04 FF B2 01 22 B2 04 1C B2	copy:0xF0	$215C	$B6A15C	$1B215C
20	$03C2B7	$87C2B7	$5377	$B6D377	$1B5377	02 B5 00 00 02 90 1C 04 FF B2 01 22 B2 04 1C B2	copy:0xF1	$2A3C	$B6AA3C	$1B2A3C
20	$03C2B7	$87C2B7	$5377	$B6D377	$1B5377	02 B5 00 00 02 90 1C 04 FF B2 01 22 B2 04 1C B2	copy:0xF0	$1415	$B69415	$1B1415
20	$03C2B7	$87C2B7	$5377	$B6D377	$1B5377	02 B5 00 00 02 90 1C 04 FF B2 01 22 B2 04 1C B2	copy:0xF0	$1B0F	$B69B0F	$1B1B0F
20	$03C2B7	$87C2B7	$5377	$B6D377	$1B5377	02 B5 00 00 02 90 1C 04 FF B2 01 22 B2 04 1C B2	copy:0xF0	$1FBF	$B69FBF	$1B1FBF
20	$03C2B7	$87C2B7	$5377	$B6D377	$1B5377	02 B5 00 00 02 90 1C 04 FF B2 01 22 B2 04 1C B2	copy:0xF0	$200F	$B6A00F	$1B200F
20	$03C2B7	$87C2B7	$5377	$B6D377	$1B5377	02 B5 00 00 02 90 1C 04 FF B2 01 22 B2 04 1C B2	copy:0xF0	$156B	$B6956B	$1B156B
20	$03C2B7	$87C2B7	$5377	$B6D377	$1B5377	02 B5 00 00 02 90 1C 04 FF B2 01 22 B2 04 1C B2	copy:0xF0	$1787	$B69787	$1B1787
20	$03C2B7	$87C2B7	$5377	$B6D377	$1B5377	02 B5 00 00 02 90 1C 04 FF B2 01 22 B2 04 1C B2	copy:0xF0	$425B	$B6C25B	$1B425B
20	$03C2B7	$87C2B7	$5377	$B6D377	$1B5377	02 B5 00 00 02 90 1C 04 FF B2 01 22 B2 04 1C B2	copy:0xF0	$8011	$BD8011	$1E0011
20	$03C2B7	$87C2B7	$5377	$B6D377	$1B5377	02 B5 00 00 02 90 1C 04 FF B2 01 22 B2 04 1C B2	copy:0xF1	$1C5E	$B69C5E	$1B1C5E
20	$03C2B7	$87C2B7	$5377	$B6D377	$1B5377	02 B5 00 00 02 90 1C 04 FF B2 01 22 B2 04 1C B2	special:0xB5	$0000	$B68000	$1B0000
20	$03C2B7	$87C2B7	$5377	$B6D377	$1B5377	02 B5 00 00 02 90 1C 04 FF B2 01 22 B2 04 1C B2	copy:0xFF	$01B2	$B681B2	$1B01B2
20	$03C2B7	$87C2B7	$5377	$B6D377	$1B5377	02 B5 00 00 02 90 1C 04 FF B2 01 22 B2 04 1C B2	copy:0xF0	$5337	$B6D337	$1B5337
20	$03C2B7	$87C2B7	$5377	$B6D377	$1B5377	02 B5 00 00 02 90 1C 04 FF B2 01 22 B2 04 1C B2	copy:0xF2	$2A3C	$B6AA3C	$1B2A3C
20	$03C2B7	$87C2B7	$5377	$B6D377	$1B5377	02 B5 00 00 02 90 1C 04 FF B2 01 22 B2 04 1C B2	copy:0xF0	$2399	$B6A399	$1B2399
20	$03C2B7	$87C2B7	$5377	$B6D377	$1B5377	02 B5 00 00 02 90 1C 04 FF B2 01 22 B2 04 1C B2	special:0xB5	$0000	$B68000	$1B0000
20	$03C2B7	$87C2B7	$5377	$B6D377	$1B5377	02 B5 00 00 02 90 1C 04 FF B2 01 22 B2 04 1C B2	copy:0xFF	$01B2	$B681B2	$1B01B2
21	$03C2B9	$87C2B9	$53BB	$B6D3BB	$1B53BB	02 B5 00 00 02 90 1A 04 FF B2 01 22 B2 04 1C B2	special:0xB5	$0000	$B68000	$1B0000
21	$03C2B9	$87C2B9	$53BB	$B6D3BB	$1B53BB	02 B5 00 00 02 90 1A 04 FF B2 01 22 B2 04 1C B2	copy:0xFF	$01B2	$B681B2	$1B01B2
21	$03C2B9	$87C2B9	$53BB	$B6D3BB	$1B53BB	02 B5 00 00 02 90 1A 04 FF B2 01 22 B2 04 1C B2	copy:0xF0	$215C	$B6A15C	$1B215C
21	$03C2B9	$87C2B9	$53BB	$B6D3BB	$1B53BB	02 B5 00 00 02 90 1A 04 FF B2 01 22 B2 04 1C B2	copy:0xF1	$2A3C	$B6AA3C	$1B2A3C
21	$03C2B9	$87C2B9	$53BB	$B6D3BB	$1B53BB	02 B5 00 00 02 90 1A 04 FF B2 01 22 B2 04 1C B2	copy:0xF0	$1415	$B69415	$1B1415
21	$03C2B9	$87C2B9	$53BB	$B6D3BB	$1B53BB	02 B5 00 00 02 90 1A 04 FF B2 01 22 B2 04 1C B2	copy:0xF0	$1B0F	$B69B0F	$1B1B0F
21	$03C2B9	$87C2B9	$53BB	$B6D3BB	$1B53BB	02 B5 00 00 02 90 1A 04 FF B2 01 22 B2 04 1C B2	copy:0xF0	$1FBF	$B69FBF	$1B1FBF
21	$03C2B9	$87C2B9	$53BB	$B6D3BB	$1B53BB	02 B5 00 00 02 90 1A 04 FF B2 01 22 B2 04 1C B2	copy:0xF0	$200F	$B6A00F	$1B200F
21	$03C2B9	$87C2B9	$53BB	$B6D3BB	$1B53BB	02 B5 00 00 02 90 1A 04 FF B2 01 22 B2 04 1C B2	copy:0xF0	$156B	$B6956B	$1B156B
21	$03C2B9	$87C2B9	$53BB	$B6D3BB	$1B53BB	02 B5 00 00 02 90 1A 04 FF B2 01 22 B2 04 1C B2	copy:0xF0	$1787	$B69787	$1B1787
21	$03C2B9	$87C2B9	$53BB	$B6D3BB	$1B53BB	02 B5 00 00 02 90 1A 04 FF B2 01 22 B2 04 1C B2	copy:0xF0	$425B	$B6C25B	$1B425B
21	$03C2B9	$87C2B9	$53BB	$B6D3BB	$1B53BB	02 B5 00 00 02 90 1A 04 FF B2 01 22 B2 04 1C B2	copy:0xF0	$8011	$BD8011	$1E0011
21	$03C2B9	$87C2B9	$53BB	$B6D3BB	$1B53BB	02 B5 00 00 02 90 1A 04 FF B2 01 22 B2 04 1C B2	copy:0xF1	$1C5E	$B69C5E	$1B1C5E
21	$03C2B9	$87C2B9	$53BB	$B6D3BB	$1B53BB	02 B5 00 00 02 90 1A 04 FF B2 01 22 B2 04 1C B2	special:0xB5	$0000	$B68000	$1B0000
21	$03C2B9	$87C2B9	$53BB	$B6D3BB	$1B53BB	02 B5 00 00 02 90 1A 04 FF B2 01 22 B2 04 1C B2	copy:0xFF	$01B2	$B681B2	$1B01B2
21	$03C2B9	$87C2B9	$53BB	$B6D3BB	$1B53BB	02 B5 00 00 02 90 1A 04 FF B2 01 22 B2 04 1C B2	copy:0xF0	$5337	$B6D337	$1B5337
21	$03C2B9	$87C2B9	$53BB	$B6D3BB	$1B53BB	02 B5 00 00 02 90 1A 04 FF B2 01 22 B2 04 1C B2	copy:0xF2	$2A3C	$B6AA3C	$1B2A3C
21	$03C2B9	$87C2B9	$53BB	$B6D3BB	$1B53BB	02 B5 00 00 02 90 1A 04 FF B2 01 22 B2 04 1C B2	copy:0xF0	$2399	$B6A399	$1B2399
21	$03C2B9	$87C2B9	$53BB	$B6D3BB	$1B53BB	02 B5 00 00 02 90 1A 04 FF B2 01 22 B2 04 1C B2	special:0xB5	$0000	$B68000	$1B0000
21	$03C2B9	$87C2B9	$53BB	$B6D3BB	$1B53BB	02 B5 00 00 02 90 1A 04 FF B2 01 22 B2 04 1C B2	copy:0xFF	$01B2	$B681B2	$1B01B2
21	$03C2B9	$87C2B9	$53BB	$B6D3BB	$1B53BB	02 B5 00 00 02 90 1A 04 FF B2 01 22 B2 04 1C B2	copy:0xF1	$21FF	$B6A1FF	$1B21FF
21	$03C2B9	$87C2B9	$53BB	$B6D3BB	$1B53BB	02 B5 00 00 02 90 1A 04 FF B2 01 22 B2 04 1C B2	copy:0xF0	$2399	$B6A399	$1B2399
21	$03C2B9	$87C2B9	$53BB	$B6D3BB	$1B53BB	02 B5 00 00 02 90 1A 04 FF B2 01 22 B2 04 1C B2	special:0xB5	$0000	$B68000	$1B0000
21	$03C2B9	$87C2B9	$53BB	$B6D3BB	$1B53BB	02 B5 00 00 02 90 1A 04 FF B2 01 22 B2 04 1C B2	copy:0xFF	$01B2	$B681B2	$1B01B2
21	$03C2B9	$87C2B9	$53BB	$B6D3BB	$1B53BB	02 B5 00 00 02 90 1A 04 FF B2 01 22 B2 04 1C B2	copy:0xF0	$2A6F	$B6AA6F	$1B2A6F
22	$03C2BB	$87C2BB	$5430	$B6D430	$1B5430	02 B5 00 00 03 80 1A 04 FF B2 01 22 B2 01 1C B2	special:0xB5	$0000	$B68000	$1B0000
22	$03C2BB	$87C2BB	$5430	$B6D430	$1B5430	02 B5 00 00 03 80 1A 04 FF B2 01 22 B2 01 1C B2	copy:0xFF	$01B2	$B681B2	$1B01B2
22	$03C2BB	$87C2BB	$5430	$B6D430	$1B5430	02 B5 00 00 03 80 1A 04 FF B2 01 22 B2 01 1C B2	copy:0xF0	$5337	$B6D337	$1B5337
22	$03C2BB	$87C2BB	$5430	$B6D430	$1B5430	02 B5 00 00 03 80 1A 04 FF B2 01 22 B2 01 1C B2	copy:0xF2	$2A3C	$B6AA3C	$1B2A3C
22	$03C2BB	$87C2BB	$5430	$B6D430	$1B5430	02 B5 00 00 03 80 1A 04 FF B2 01 22 B2 01 1C B2	copy:0xF0	$2399	$B6A399	$1B2399
22	$03C2BB	$87C2BB	$5430	$B6D430	$1B5430	02 B5 00 00 03 80 1A 04 FF B2 01 22 B2 01 1C B2	special:0xB5	$0000	$B68000	$1B0000
22	$03C2BB	$87C2BB	$5430	$B6D430	$1B5430	02 B5 00 00 03 80 1A 04 FF B2 01 22 B2 01 1C B2	copy:0xFF	$01B2	$B681B2	$1B01B2
22	$03C2BB	$87C2BB	$5430	$B6D430	$1B5430	02 B5 00 00 03 80 1A 04 FF B2 01 22 B2 01 1C B2	copy:0xF1	$21FF	$B6A1FF	$1B21FF
22	$03C2BB	$87C2BB	$5430	$B6D430	$1B5430	02 B5 00 00 03 80 1A 04 FF B2 01 22 B2 01 1C B2	copy:0xF0	$2399	$B6A399	$1B2399
22	$03C2BB	$87C2BB	$5430	$B6D430	$1B5430	02 B5 00 00 03 80 1A 04 FF B2 01 22 B2 01 1C B2	special:0xB5	$0000	$B68000	$1B0000
22	$03C2BB	$87C2BB	$5430	$B6D430	$1B5430	02 B5 00 00 03 80 1A 04 FF B2 01 22 B2 01 1C B2	copy:0xFF	$01B2	$B681B2	$1B01B2
22	$03C2BB	$87C2BB	$5430	$B6D430	$1B5430	02 B5 00 00 03 80 1A 04 FF B2 01 22 B2 01 1C B2	copy:0xF0	$2A6F	$B6AA6F	$1B2A6F
22	$03C2BB	$87C2BB	$5430	$B6D430	$1B5430	02 B5 00 00 03 80 1A 04 FF B2 01 22 B2 01 1C B2	copy:0xF1	$2A3C	$B6AA3C	$1B2A3C
22	$03C2BB	$87C2BB	$5430	$B6D430	$1B5430	02 B5 00 00 03 80 1A 04 FF B2 01 22 B2 01 1C B2	special:0xB5	$0000	$B68000	$1B0000
22	$03C2BB	$87C2BB	$5430	$B6D430	$1B5430	02 B5 00 00 03 80 1A 04 FF B2 01 22 B2 01 1C B2	copy:0xFF	$01B2	$B681B2	$1B01B2
22	$03C2BB	$87C2BB	$5430	$B6D430	$1B5430	02 B5 00 00 03 80 1A 04 FF B2 01 22 B2 01 1C B2	copy:0xF0	$2A3D	$B6AA3D	$1B2A3D
22	$03C2BB	$87C2BB	$5430	$B6D430	$1B5430	02 B5 00 00 03 80 1A 04 FF B2 01 22 B2 01 1C B2	copy:0xF0	$1C06	$B69C06	$1B1C06
22	$03C2BB	$87C2BB	$5430	$B6D430	$1B5430	02 B5 00 00 03 80 1A 04 FF B2 01 22 B2 01 1C B2	copy:0xF0	$1FBF	$B69FBF	$1B1FBF
22	$03C2BB	$87C2BB	$5430	$B6D430	$1B5430	02 B5 00 00 03 80 1A 04 FF B2 01 22 B2 01 1C B2	copy:0xFF	$0314	$B68314	$1B0314
22	$03C2BB	$87C2BB	$5430	$B6D430	$1B5430	02 B5 00 00 03 80 1A 04 FF B2 01 22 B2 01 1C B2	special:0xB5	$0000	$B68000	$1B0000
22	$03C2BB	$87C2BB	$5430	$B6D430	$1B5430	02 B5 00 00 03 80 1A 04 FF B2 01 22 B2 01 1C B2	copy:0xFF	$01B2	$B681B2	$1B01B2
22	$03C2BB	$87C2BB	$5430	$B6D430	$1B5430	02 B5 00 00 03 80 1A 04 FF B2 01 22 B2 01 1C B2	copy:0xF0	$8011	$BD8011	$1E0011
22	$03C2BB	$87C2BB	$5430	$B6D430	$1B5430	02 B5 00 00 03 80 1A 04 FF B2 01 22 B2 01 1C B2	copy:0xF1	$3412	$B6B412	$1B3412
22	$03C2BB	$87C2BB	$5430	$B6D430	$1B5430	02 B5 00 00 03 80 1A 04 FF B2 01 22 B2 01 1C B2	copy:0xF2	$2988	$B6A988	$1B2988
23	$03C2BD	$87C2BD	$5468	$B6D468	$1B5468	02 B5 00 00 03 80 1A 04 FF B2 01 22 B2 01 1C B2	special:0xB5	$0000	$B68000	$1B0000
23	$03C2BD	$87C2BD	$5468	$B6D468	$1B5468	02 B5 00 00 03 80 1A 04 FF B2 01 22 B2 01 1C B2	copy:0xFF	$01B2	$B681B2	$1B01B2
23	$03C2BD	$87C2BD	$5468	$B6D468	$1B5468	02 B5 00 00 03 80 1A 04 FF B2 01 22 B2 01 1C B2	copy:0xF1	$21FF	$B6A1FF	$1B21FF
23	$03C2BD	$87C2BD	$5468	$B6D468	$1B5468	02 B5 00 00 03 80 1A 04 FF B2 01 22 B2 01 1C B2	copy:0xF0	$2399	$B6A399	$1B2399
23	$03C2BD	$87C2BD	$5468	$B6D468	$1B5468	02 B5 00 00 03 80 1A 04 FF B2 01 22 B2 01 1C B2	special:0xB5	$0000	$B68000	$1B0000
23	$03C2BD	$87C2BD	$5468	$B6D468	$1B5468	02 B5 00 00 03 80 1A 04 FF B2 01 22 B2 01 1C B2	copy:0xFF	$01B2	$B681B2	$1B01B2
23	$03C2BD	$87C2BD	$5468	$B6D468	$1B5468	02 B5 00 00 03 80 1A 04 FF B2 01 22 B2 01 1C B2	copy:0xF0	$2A6F	$B6AA6F	$1B2A6F
23	$03C2BD	$87C2BD	$5468	$B6D468	$1B5468	02 B5 00 00 03 80 1A 04 FF B2 01 22 B2 01 1C B2	copy:0xF1	$2A3C	$B6AA3C	$1B2A3C
23	$03C2BD	$87C2BD	$5468	$B6D468	$1B5468	02 B5 00 00 03 80 1A 04 FF B2 01 22 B2 01 1C B2	special:0xB5	$0000	$B68000	$1B0000
23	$03C2BD	$87C2BD	$5468	$B6D468	$1B5468	02 B5 00 00 03 80 1A 04 FF B2 01 22 B2 01 1C B2	copy:0xFF	$01B2	$B681B2	$1B01B2
23	$03C2BD	$87C2BD	$5468	$B6D468	$1B5468	02 B5 00 00 03 80 1A 04 FF B2 01 22 B2 01 1C B2	copy:0xF0	$2A3D	$B6AA3D	$1B2A3D
23	$03C2BD	$87C2BD	$5468	$B6D468	$1B5468	02 B5 00 00 03 80 1A 04 FF B2 01 22 B2 01 1C B2	copy:0xF0	$1C06	$B69C06	$1B1C06
23	$03C2BD	$87C2BD	$5468	$B6D468	$1B5468	02 B5 00 00 03 80 1A 04 FF B2 01 22 B2 01 1C B2	copy:0xF0	$1FBF	$B69FBF	$1B1FBF
23	$03C2BD	$87C2BD	$5468	$B6D468	$1B5468	02 B5 00 00 03 80 1A 04 FF B2 01 22 B2 01 1C B2	copy:0xFF	$0314	$B68314	$1B0314
23	$03C2BD	$87C2BD	$5468	$B6D468	$1B5468	02 B5 00 00 03 80 1A 04 FF B2 01 22 B2 01 1C B2	special:0xB5	$0000	$B68000	$1B0000
23	$03C2BD	$87C2BD	$5468	$B6D468	$1B5468	02 B5 00 00 03 80 1A 04 FF B2 01 22 B2 01 1C B2	copy:0xFF	$01B2	$B681B2	$1B01B2
23	$03C2BD	$87C2BD	$5468	$B6D468	$1B5468	02 B5 00 00 03 80 1A 04 FF B2 01 22 B2 01 1C B2	copy:0xF0	$8011	$BD8011	$1E0011
23	$03C2BD	$87C2BD	$5468	$B6D468	$1B5468	02 B5 00 00 03 80 1A 04 FF B2 01 22 B2 01 1C B2	copy:0xF1	$3412	$B6B412	$1B3412
23	$03C2BD	$87C2BD	$5468	$B6D468	$1B5468	02 B5 00 00 03 80 1A 04 FF B2 01 22 B2 01 1C B2	copy:0xF2	$2988	$B6A988	$1B2988
23	$03C2BD	$87C2BD	$5468	$B6D468	$1B5468	02 B5 00 00 03 80 1A 04 FF B2 01 22 B2 01 1C B2	copy:0xF0	$544D	$B6D44D	$1B544D
23	$03C2BD	$87C2BD	$5468	$B6D468	$1B5468	02 B5 00 00 03 80 1A 04 FF B2 01 22 B2 01 1C B2	copy:0xF0	$2A3D	$B6AA3D	$1B2A3D
23	$03C2BD	$87C2BD	$5468	$B6D468	$1B5468	02 B5 00 00 03 80 1A 04 FF B2 01 22 B2 01 1C B2	copy:0xF0	$245F	$B6A45F	$1B245F
23	$03C2BD	$87C2BD	$5468	$B6D468	$1B5468	02 B5 00 00 03 80 1A 04 FF B2 01 22 B2 01 1C B2	copy:0xF0	$17DA	$B697DA	$1B17DA
24	$03C2BF	$87C2BF	$5495	$B6D495	$1B5495	02 B5 00 00 03 80 1A 04 FF B2 01 22 B2 01 1C B2	special:0xB5	$0000	$B68000	$1B0000
24	$03C2BF	$87C2BF	$5495	$B6D495	$1B5495	02 B5 00 00 03 80 1A 04 FF B2 01 22 B2 01 1C B2	copy:0xFF	$01B2	$B681B2	$1B01B2
24	$03C2BF	$87C2BF	$5495	$B6D495	$1B5495	02 B5 00 00 03 80 1A 04 FF B2 01 22 B2 01 1C B2	copy:0xF0	$2A6F	$B6AA6F	$1B2A6F
24	$03C2BF	$87C2BF	$5495	$B6D495	$1B5495	02 B5 00 00 03 80 1A 04 FF B2 01 22 B2 01 1C B2	copy:0xF1	$2A3C	$B6AA3C	$1B2A3C
24	$03C2BF	$87C2BF	$5495	$B6D495	$1B5495	02 B5 00 00 03 80 1A 04 FF B2 01 22 B2 01 1C B2	special:0xB5	$0000	$B68000	$1B0000
24	$03C2BF	$87C2BF	$5495	$B6D495	$1B5495	02 B5 00 00 03 80 1A 04 FF B2 01 22 B2 01 1C B2	copy:0xFF	$01B2	$B681B2	$1B01B2
24	$03C2BF	$87C2BF	$5495	$B6D495	$1B5495	02 B5 00 00 03 80 1A 04 FF B2 01 22 B2 01 1C B2	copy:0xF0	$2A3D	$B6AA3D	$1B2A3D
24	$03C2BF	$87C2BF	$5495	$B6D495	$1B5495	02 B5 00 00 03 80 1A 04 FF B2 01 22 B2 01 1C B2	copy:0xF0	$1C06	$B69C06	$1B1C06
24	$03C2BF	$87C2BF	$5495	$B6D495	$1B5495	02 B5 00 00 03 80 1A 04 FF B2 01 22 B2 01 1C B2	copy:0xF0	$1FBF	$B69FBF	$1B1FBF
24	$03C2BF	$87C2BF	$5495	$B6D495	$1B5495	02 B5 00 00 03 80 1A 04 FF B2 01 22 B2 01 1C B2	copy:0xFF	$0314	$B68314	$1B0314
24	$03C2BF	$87C2BF	$5495	$B6D495	$1B5495	02 B5 00 00 03 80 1A 04 FF B2 01 22 B2 01 1C B2	special:0xB5	$0000	$B68000	$1B0000
24	$03C2BF	$87C2BF	$5495	$B6D495	$1B5495	02 B5 00 00 03 80 1A 04 FF B2 01 22 B2 01 1C B2	copy:0xFF	$01B2	$B681B2	$1B01B2
24	$03C2BF	$87C2BF	$5495	$B6D495	$1B5495	02 B5 00 00 03 80 1A 04 FF B2 01 22 B2 01 1C B2	copy:0xF0	$8011	$BD8011	$1E0011
24	$03C2BF	$87C2BF	$5495	$B6D495	$1B5495	02 B5 00 00 03 80 1A 04 FF B2 01 22 B2 01 1C B2	copy:0xF1	$3412	$B6B412	$1B3412
24	$03C2BF	$87C2BF	$5495	$B6D495	$1B5495	02 B5 00 00 03 80 1A 04 FF B2 01 22 B2 01 1C B2	copy:0xF2	$2988	$B6A988	$1B2988
24	$03C2BF	$87C2BF	$5495	$B6D495	$1B5495	02 B5 00 00 03 80 1A 04 FF B2 01 22 B2 01 1C B2	copy:0xF0	$544D	$B6D44D	$1B544D
24	$03C2BF	$87C2BF	$5495	$B6D495	$1B5495	02 B5 00 00 03 80 1A 04 FF B2 01 22 B2 01 1C B2	copy:0xF0	$2A3D	$B6AA3D	$1B2A3D
24	$03C2BF	$87C2BF	$5495	$B6D495	$1B5495	02 B5 00 00 03 80 1A 04 FF B2 01 22 B2 01 1C B2	copy:0xF0	$245F	$B6A45F	$1B245F
24	$03C2BF	$87C2BF	$5495	$B6D495	$1B5495	02 B5 00 00 03 80 1A 04 FF B2 01 22 B2 01 1C B2	copy:0xF0	$17DA	$B697DA	$1B17DA
24	$03C2BF	$87C2BF	$5495	$B6D495	$1B5495	02 B5 00 00 03 80 1A 04 FF B2 01 22 B2 01 1C B2	copy:0xF0	$181F	$B6981F	$1B181F
24	$03C2BF	$87C2BF	$5495	$B6D495	$1B5495	02 B5 00 00 03 80 1A 04 FF B2 01 22 B2 01 1C B2	copy:0xFF	$0414	$B68414	$1B0414
24	$03C2BF	$87C2BF	$5495	$B6D495	$1B5495	02 B5 00 00 03 80 1A 04 FF B2 01 22 B2 01 1C B2	special:0xB5	$0000	$B68000	$1B0000
24	$03C2BF	$87C2BF	$5495	$B6D495	$1B5495	02 B5 00 00 03 80 1A 04 FF B2 01 22 B2 01 1C B2	copy:0xFF	$01B2	$B681B2	$1B01B2
25	$03C2C1	$87C2C1	$54D0	$B6D4D0	$1B54D0	02 B5 00 00 03 80 1A 04 FF B2 01 22 B2 04 1C B2	special:0xB5	$0000	$B68000	$1B0000
25	$03C2C1	$87C2C1	$54D0	$B6D4D0	$1B54D0	02 B5 00 00 03 80 1A 04 FF B2 01 22 B2 04 1C B2	copy:0xFF	$01B2	$B681B2	$1B01B2
25	$03C2C1	$87C2C1	$54D0	$B6D4D0	$1B54D0	02 B5 00 00 03 80 1A 04 FF B2 01 22 B2 04 1C B2	copy:0xF0	$2A3D	$B6AA3D	$1B2A3D
25	$03C2C1	$87C2C1	$54D0	$B6D4D0	$1B54D0	02 B5 00 00 03 80 1A 04 FF B2 01 22 B2 04 1C B2	copy:0xF0	$1C06	$B69C06	$1B1C06
25	$03C2C1	$87C2C1	$54D0	$B6D4D0	$1B54D0	02 B5 00 00 03 80 1A 04 FF B2 01 22 B2 04 1C B2	copy:0xF0	$1FBF	$B69FBF	$1B1FBF
25	$03C2C1	$87C2C1	$54D0	$B6D4D0	$1B54D0	02 B5 00 00 03 80 1A 04 FF B2 01 22 B2 04 1C B2	copy:0xFF	$0314	$B68314	$1B0314
25	$03C2C1	$87C2C1	$54D0	$B6D4D0	$1B54D0	02 B5 00 00 03 80 1A 04 FF B2 01 22 B2 04 1C B2	special:0xB5	$0000	$B68000	$1B0000
25	$03C2C1	$87C2C1	$54D0	$B6D4D0	$1B54D0	02 B5 00 00 03 80 1A 04 FF B2 01 22 B2 04 1C B2	copy:0xFF	$01B2	$B681B2	$1B01B2
25	$03C2C1	$87C2C1	$54D0	$B6D4D0	$1B54D0	02 B5 00 00 03 80 1A 04 FF B2 01 22 B2 04 1C B2	copy:0xF0	$8011	$BD8011	$1E0011
25	$03C2C1	$87C2C1	$54D0	$B6D4D0	$1B54D0	02 B5 00 00 03 80 1A 04 FF B2 01 22 B2 04 1C B2	copy:0xF1	$3412	$B6B412	$1B3412
25	$03C2C1	$87C2C1	$54D0	$B6D4D0	$1B54D0	02 B5 00 00 03 80 1A 04 FF B2 01 22 B2 04 1C B2	copy:0xF2	$2988	$B6A988	$1B2988
25	$03C2C1	$87C2C1	$54D0	$B6D4D0	$1B54D0	02 B5 00 00 03 80 1A 04 FF B2 01 22 B2 04 1C B2	copy:0xF0	$544D	$B6D44D	$1B544D
25	$03C2C1	$87C2C1	$54D0	$B6D4D0	$1B54D0	02 B5 00 00 03 80 1A 04 FF B2 01 22 B2 04 1C B2	copy:0xF0	$2A3D	$B6AA3D	$1B2A3D
25	$03C2C1	$87C2C1	$54D0	$B6D4D0	$1B54D0	02 B5 00 00 03 80 1A 04 FF B2 01 22 B2 04 1C B2	copy:0xF0	$245F	$B6A45F	$1B245F
25	$03C2C1	$87C2C1	$54D0	$B6D4D0	$1B54D0	02 B5 00 00 03 80 1A 04 FF B2 01 22 B2 04 1C B2	copy:0xF0	$17DA	$B697DA	$1B17DA
25	$03C2C1	$87C2C1	$54D0	$B6D4D0	$1B54D0	02 B5 00 00 03 80 1A 04 FF B2 01 22 B2 04 1C B2	copy:0xF0	$181F	$B6981F	$1B181F
25	$03C2C1	$87C2C1	$54D0	$B6D4D0	$1B54D0	02 B5 00 00 03 80 1A 04 FF B2 01 22 B2 04 1C B2	copy:0xFF	$0414	$B68414	$1B0414
25	$03C2C1	$87C2C1	$54D0	$B6D4D0	$1B54D0	02 B5 00 00 03 80 1A 04 FF B2 01 22 B2 04 1C B2	special:0xB5	$0000	$B68000	$1B0000
25	$03C2C1	$87C2C1	$54D0	$B6D4D0	$1B54D0	02 B5 00 00 03 80 1A 04 FF B2 01 22 B2 04 1C B2	copy:0xFF	$01B2	$B681B2	$1B01B2
25	$03C2C1	$87C2C1	$54D0	$B6D4D0	$1B54D0	02 B5 00 00 03 80 1A 04 FF B2 01 22 B2 04 1C B2	copy:0xF1	$5337	$B6D337	$1B5337
25	$03C2C1	$87C2C1	$54D0	$B6D4D0	$1B54D0	02 B5 00 00 03 80 1A 04 FF B2 01 22 B2 04 1C B2	copy:0xF0	$2399	$B6A399	$1B2399
25	$03C2C1	$87C2C1	$54D0	$B6D4D0	$1B54D0	02 B5 00 00 03 80 1A 04 FF B2 01 22 B2 04 1C B2	special:0xB5	$0000	$B68000	$1B0000
25	$03C2C1	$87C2C1	$54D0	$B6D4D0	$1B54D0	02 B5 00 00 03 80 1A 04 FF B2 01 22 B2 04 1C B2	copy:0xFF	$01B2	$B681B2	$1B01B2
25	$03C2C1	$87C2C1	$54D0	$B6D4D0	$1B54D0	02 B5 00 00 03 80 1A 04 FF B2 01 22 B2 04 1C B2	copy:0xF2	$1B0D	$B69B0D	$1B1B0D
25	$03C2C1	$87C2C1	$54D0	$B6D4D0	$1B54D0	02 B5 00 00 03 80 1A 04 FF B2 01 22 B2 04 1C B2	copy:0xF0	$1355	$B69355	$1B1355
25	$03C2C1	$87C2C1	$54D0	$B6D4D0	$1B54D0	02 B5 00 00 03 80 1A 04 FF B2 01 22 B2 04 1C B2	special:0xB5	$0000	$B68000	$1B0000
25	$03C2C1	$87C2C1	$54D0	$B6D4D0	$1B54D0	02 B5 00 00 03 80 1A 04 FF B2 01 22 B2 04 1C B2	copy:0xFF	$01B2	$B681B2	$1B01B2
26	$03C2C3	$87C2C3	$550F	$B6D50F	$1B550F	02 B5 00 00 03 80 1A 04 FF B2 01 22 B2 04 1C B2	special:0xB5	$0000	$B68000	$1B0000
26	$03C2C3	$87C2C3	$550F	$B6D50F	$1B550F	02 B5 00 00 03 80 1A 04 FF B2 01 22 B2 04 1C B2	copy:0xFF	$01B2	$B681B2	$1B01B2
26	$03C2C3	$87C2C3	$550F	$B6D50F	$1B550F	02 B5 00 00 03 80 1A 04 FF B2 01 22 B2 04 1C B2	copy:0xF0	$8011	$BD8011	$1E0011
26	$03C2C3	$87C2C3	$550F	$B6D50F	$1B550F	02 B5 00 00 03 80 1A 04 FF B2 01 22 B2 04 1C B2	copy:0xF1	$3412	$B6B412	$1B3412
26	$03C2C3	$87C2C3	$550F	$B6D50F	$1B550F	02 B5 00 00 03 80 1A 04 FF B2 01 22 B2 04 1C B2	copy:0xF2	$2988	$B6A988	$1B2988
26	$03C2C3	$87C2C3	$550F	$B6D50F	$1B550F	02 B5 00 00 03 80 1A 04 FF B2 01 22 B2 04 1C B2	copy:0xF0	$544D	$B6D44D	$1B544D
26	$03C2C3	$87C2C3	$550F	$B6D50F	$1B550F	02 B5 00 00 03 80 1A 04 FF B2 01 22 B2 04 1C B2	copy:0xF0	$2A3D	$B6AA3D	$1B2A3D
26	$03C2C3	$87C2C3	$550F	$B6D50F	$1B550F	02 B5 00 00 03 80 1A 04 FF B2 01 22 B2 04 1C B2	copy:0xF0	$245F	$B6A45F	$1B245F
26	$03C2C3	$87C2C3	$550F	$B6D50F	$1B550F	02 B5 00 00 03 80 1A 04 FF B2 01 22 B2 04 1C B2	copy:0xF0	$17DA	$B697DA	$1B17DA
26	$03C2C3	$87C2C3	$550F	$B6D50F	$1B550F	02 B5 00 00 03 80 1A 04 FF B2 01 22 B2 04 1C B2	copy:0xF0	$181F	$B6981F	$1B181F
26	$03C2C3	$87C2C3	$550F	$B6D50F	$1B550F	02 B5 00 00 03 80 1A 04 FF B2 01 22 B2 04 1C B2	copy:0xFF	$0414	$B68414	$1B0414
26	$03C2C3	$87C2C3	$550F	$B6D50F	$1B550F	02 B5 00 00 03 80 1A 04 FF B2 01 22 B2 04 1C B2	special:0xB5	$0000	$B68000	$1B0000
26	$03C2C3	$87C2C3	$550F	$B6D50F	$1B550F	02 B5 00 00 03 80 1A 04 FF B2 01 22 B2 04 1C B2	copy:0xFF	$01B2	$B681B2	$1B01B2
26	$03C2C3	$87C2C3	$550F	$B6D50F	$1B550F	02 B5 00 00 03 80 1A 04 FF B2 01 22 B2 04 1C B2	copy:0xF1	$5337	$B6D337	$1B5337
26	$03C2C3	$87C2C3	$550F	$B6D50F	$1B550F	02 B5 00 00 03 80 1A 04 FF B2 01 22 B2 04 1C B2	copy:0xF0	$2399	$B6A399	$1B2399
26	$03C2C3	$87C2C3	$550F	$B6D50F	$1B550F	02 B5 00 00 03 80 1A 04 FF B2 01 22 B2 04 1C B2	special:0xB5	$0000	$B68000	$1B0000
26	$03C2C3	$87C2C3	$550F	$B6D50F	$1B550F	02 B5 00 00 03 80 1A 04 FF B2 01 22 B2 04 1C B2	copy:0xFF	$01B2	$B681B2	$1B01B2
26	$03C2C3	$87C2C3	$550F	$B6D50F	$1B550F	02 B5 00 00 03 80 1A 04 FF B2 01 22 B2 04 1C B2	copy:0xF2	$1B0D	$B69B0D	$1B1B0D
26	$03C2C3	$87C2C3	$550F	$B6D50F	$1B550F	02 B5 00 00 03 80 1A 04 FF B2 01 22 B2 04 1C B2	copy:0xF0	$1355	$B69355	$1B1355
26	$03C2C3	$87C2C3	$550F	$B6D50F	$1B550F	02 B5 00 00 03 80 1A 04 FF B2 01 22 B2 04 1C B2	special:0xB5	$0000	$B68000	$1B0000
26	$03C2C3	$87C2C3	$550F	$B6D50F	$1B550F	02 B5 00 00 03 80 1A 04 FF B2 01 22 B2 04 1C B2	copy:0xFF	$01B2	$B681B2	$1B01B2
26	$03C2C3	$87C2C3	$550F	$B6D50F	$1B550F	02 B5 00 00 03 80 1A 04 FF B2 01 22 B2 04 1C B2	special:0xB5	$0000	$B68000	$1B0000
26	$03C2C3	$87C2C3	$550F	$B6D50F	$1B550F	02 B5 00 00 03 80 1A 04 FF B2 01 22 B2 04 1C B2	copy:0xFF	$01B2	$B681B2	$1B01B2
26	$03C2C3	$87C2C3	$550F	$B6D50F	$1B550F	02 B5 00 00 03 80 1A 04 FF B2 01 22 B2 04 1C B2	copy:0xF0	$2A3D	$B6AA3D	$1B2A3D
26	$03C2C3	$87C2C3	$550F	$B6D50F	$1B550F	02 B5 00 00 03 80 1A 04 FF B2 01 22 B2 04 1C B2	copy:0xF0	$1356	$B69356	$1B1356
